Z daughter, A daughter, element daughter, Z parent, A parent, element parent, daughter level idx, independent thermal fy, unc, independent fast fy, unc, independent 14MeV fy, unc,Extraction_date
1,1,H,90,232,Th,0,,,0.000016073,0.0000055423,0.000023204,0.0000080012,2025-04-14
1,2,H,90,232,Th,0,,,0.0000049121,0.0000016564,0.0000070914,0.0000023913,2025-04-14
1,3,H,90,232,Th,0,,,0.000070081,0.000022139,0.00010117,0.000031961,2025-04-14
2,3,He,90,232,Th,0,,,0,0,0,0,2025-04-14
2,4,He,90,232,Th,0,,,0.0010161,0.00031047,0.0014669,0.00044822,2025-04-14
25,64,Mn,90,232,Th,0,,,0.0000000000018098,0.00000000000055542,0.000000047863,0.000000014026,2025-04-14
25,65,Mn,90,232,Th,0,,,0.0000000000057458,0.0000000000020268,0.000000074367,0.000000025603,2025-04-14
25,66,Mn,90,232,Th,0,,,0.000000000008613,0.0000000000032964,0.000000056455,0.000000023115,2025-04-14
25,67,Mn,90,232,Th,0,,,0.000000000010263,0.0000000000040078,0.000000023802,0.000000010572,2025-04-14
25,68,Mn,90,232,Th,0,,,0.0000000000058685,0.000000000002282,0.0000000064944,0.0000000025259,2025-04-14
25,69,Mn,90,232,Th,0,,,0.0000000000023869,0.00000000000093084,0.0000000012767,0.00000000049816,2025-04-14
26,64,Fe,90,232,Th,0,,,0.0000000000031965,0.00000000000069819,0.000000071156,0.000000016365,2025-04-14
26,65,Fe,90,232,Th,0,,,0.000000000021602,0.0000000000043055,0.00000023424,0.000000046871,2025-04-14
26,66,Fe,90,232,Th,0,,,0.00000000011445,0.000000000025504,0.0000006231,0.00000016134,2025-04-14
26,67,Fe,90,232,Th,0,,,0.00000000031895,0.00000000010113,0.00000060861,0.00000022659,2025-04-14
26,68,Fe,90,232,Th,0,,,0.00000000071532,0.00000000025551,0.00000064579,0.000000226,2025-04-14
26,69,Fe,90,232,Th,0,,,0.00000000074552,0.00000000028566,0.00000032327,0.00000012325,2025-04-14
26,70,Fe,90,232,Th,0,,,0.0000000005862,0.00000000023318,0.0000001247,0.000000049422,2025-04-14
26,71,Fe,90,232,Th,0,,,0.00000000023427,0.000000000091704,0.000000024496,0.0000000096104,2025-04-14
26,72,Fe,90,232,Th,0,,,0.00000000006764,0.00000000002772,0.0000000034489,0.0000000013439,2025-04-14
27,64,Co,90,232,Th,0,,,0,0,0.0000000047834,0.0000000018331,2025-04-14
27,65,Co,90,232,Th,0,,,0.0000000000061643,0.0000000000021548,0.000000055958,0.000000019986,2025-04-14
27,66,Co,90,232,Th,0,,,0.000000000069381,0.000000000020916,0.00000031787,0.00000011068,2025-04-14
27,67,Co,90,232,Th,0,,,0.00000000064807,0.00000000013768,0.0000010399,0.00000032111,2025-04-14
27,68,Co,90,232,Th,0,,,0.000000001792,0.00000000038938,0.0000016474,0.00000035017,2025-04-14
27,68,Co,90,232,Th,-2,,,0.0000000013375,0.00000000029064,0.00000071346,0.00000015165,2025-04-14
27,69,Co,90,232,Th,0,,,0.000000011735,0.000000003084,0.0000042124,0.0000010494,2025-04-14
27,70,Co,90,232,Th,0,,,0.000000010988,0.0000000038641,0.0000019171,0.0000006557,2025-04-14
27,70,Co,90,232,Th,1,,,0.000000010988,0.0000000038641,0.0000019171,0.0000006557,2025-04-14
27,71,Co,90,232,Th,0,,,0.00000003497,0.000000013059,0.0000029759,0.0000011004,2025-04-14
27,72,Co,90,232,Th,0,,,0.00000002617,0.000000010637,0.0000010798,0.00000041567,2025-04-14
27,73,Co,90,232,Th,0,,,0.00000001221,0.0000000048123,0.00000037936,0.00000014958,2025-04-14
27,74,Co,90,232,Th,0,,,0.0000000026504,0.0000000010311,0.000000065963,0.000000025695,2025-04-14
27,75,Co,90,232,Th,0,,,0.00000000040511,0.00000000015869,0.0000000085958,0.0000000033761,2025-04-14
28,64,Ni,90,232,Th,0,,,0,0,0.000000000024624,0.0000000000096508,2025-04-14
28,65,Ni,90,232,Th,0,,,0,0,0.0000000007319,0.00000000028785,2025-04-14
28,66,Ni,90,232,Th,0,,,0.0000000000042681,0.0000000000016555,0.000000016123,0.000000006741,2025-04-14
28,67,Ni,90,232,Th,0,,,0.000000000091188,0.000000000033983,0.0000001218,0.000000052733,2025-04-14
28,68,Ni,90,232,Th,0,,,0.0000000015264,0.00000000048412,0.00000096633,0.00000031759,2025-04-14
28,69,Ni,90,232,Th,0,,,0.0000000060355,0.0000000015586,0.0000018241,0.00000049668,2025-04-14
28,69,Ni,90,232,Th,1,,,0.0000000060355,0.0000000015586,0.0000018241,0.00000049668,2025-04-14
28,70,Ni,90,232,Th,0,,,0.000000076116,0.000000014474,0.00001115,0.0000021702,2025-04-14
28,71,Ni,90,232,Th,0,,,0.00000026456,0.000000058176,0.000018755,0.0000039635,2025-04-14
28,72,Ni,90,232,Th,0,,,0.00000072553,0.00000022008,0.000024696,0.0000064332,2025-04-14
28,73,Ni,90,232,Th,0,,,0.00000082047,0.00000029199,0.000020837,0.0000072611,2025-04-14
28,74,Ni,90,232,Th,0,,,0.00000071899,0.00000027076,0.000014525,0.0000054257,2025-04-14
28,75,Ni,90,232,Th,0,,,0.00000028774,0.00000011212,0.0000049322,0.0000019234,2025-04-14
28,76,Ni,90,232,Th,0,,,0.0000000783,0.000000031094,0.0000012701,0.00000050945,2025-04-14
28,77,Ni,90,232,Th,0,,,0.0000000093101,0.0000000035036,0.00000017078,0.000000065246,2025-04-14
28,78,Ni,90,232,Th,0,,,0.0000000015237,0.00000000058692,0.000000022413,0.0000000092217,2025-04-14
29,65,Cu,90,232,Th,0,,,0,0,0,0,2025-04-14
29,66,Cu,90,232,Th,0,,,0,0,0.000000000024676,0.000000000010401,2025-04-14
29,67,Cu,90,232,Th,0,,,0,0,0.00000000077198,0.00000000034488,2025-04-14
29,68,Cu,90,232,Th,0,,,0.0000000000079412,0.0000000000030799,0.0000000027831,0.000000001081,2025-04-14
29,68,Cu,90,232,Th,3,,,0.000000000021646,0.0000000000083951,0.000000012568,0.0000000048817,2025-04-14
29,69,Cu,90,232,Th,0,,,0.00000000088368,0.00000000033748,0.00000022093,0.00000008486,2025-04-14
29,70,Cu,90,232,Th,0,,,0.0000000008472,0.0000000003158,0.000000068575,0.000000025828,2025-04-14
29,70,Cu,90,232,Th,1,,,0.00000001082,0.0000000040331,0.0000013937,0.00000052491,2025-04-14
29,70,Cu,90,232,Th,3,,,0.0000000008472,0.0000000003158,0.000000068575,0.000000025828,2025-04-14
29,71,Cu,90,232,Th,0,,,0.00000014874,0.000000045678,0.0000088663,0.0000028361,2025-04-14
29,72,Cu,90,232,Th,0,,,0.00000085732,0.00000023977,0.000024577,0.0000064197,2025-04-14
29,73,Cu,90,232,Th,0,,,0.0000032917,0.00000064951,0.000070069,0.000013868,2025-04-14
29,74,Cu,90,232,Th,0,,,0.0000064053,0.0000016463,0.0001074,0.000026322,2025-04-14
29,75,Cu,90,232,Th,0,,,0.0000095697,0.0000030222,0.00013462,0.000041056,2025-04-14
29,76,Cu,90,232,Th,0,,,0.0000032076,0.000001202,0.000042345,0.000015855,2025-04-14
29,76,Cu,90,232,Th,1,,,0.0000032076,0.000001202,0.000042345,0.000015855,2025-04-14
29,77,Cu,90,232,Th,0,,,0.0000031185,0.0000011522,0.000046291,0.000017296,2025-04-14
29,78,Cu,90,232,Th,0,,,0.0000013693,0.00000052617,0.000016453,0.0000067522,2025-04-14
29,79,Cu,90,232,Th,0,,,0.00000040132,0.00000015307,0.0000052231,0.0000022846,2025-04-14
29,80,Cu,90,232,Th,0,,,0.000000050012,0.000000018659,0.00000035209,0.00000015602,2025-04-14
30,66,Zn,90,232,Th,0,,,0,0,0,0,2025-04-14
30,67,Zn,90,232,Th,0,,,0,0,0,0,2025-04-14
30,68,Zn,90,232,Th,0,,,0,0,0.000000000016266,0.0000000000063326,2025-04-14
30,69,Zn,90,232,Th,0,,,0.00000000000051234,0.0000000000001998,0.000000000069115,0.000000000026968,2025-04-14
30,69,Zn,90,232,Th,1,,,0.0000000000025446,0.0000000000009923,0.00000000055019,0.00000000021468,2025-04-14
30,70,Zn,90,232,Th,0,,,0.00000000017619,0.000000000070232,0.000000017573,0.0000000069901,2025-04-14
30,71,Zn,90,232,Th,0,,,0.00000000085967,0.00000000033438,0.000000028048,0.000000010957,2025-04-14
30,71,Zn,90,232,Th,1,,,0.0000000042696,0.0000000016607,0.00000022328,0.000000087223,2025-04-14
30,72,Zn,90,232,Th,0,,,0.00000010964,0.000000043373,0.0000026082,0.0000009861,2025-04-14
30,73,Zn,90,232,Th,0,,,0.000000081479,0.000000028552,0.00000095254,0.00000034124,2025-04-14
30,73,Zn,90,232,Th,-2,,,0.0000001127,0.00000003949,0.0000013551,0.00000048546,2025-04-14
30,73,Zn,90,232,Th,1,,,0.00000073499,0.00000025755,0.000014258,0.000005108,2025-04-14
30,74,Zn,90,232,Th,0,,,0.0000061175,0.0000016173,0.000086536,0.000024128,2025-04-14
30,75,Zn,90,232,Th,0,,,0.000019226,0.000004102,0.00022834,0.000050983,2025-04-14
30,76,Zn,90,232,Th,0,,,0.000044272,0.0000085284,0.00048897,0.000093103,2025-04-14
30,77,Zn,90,232,Th,0,,,0.000042921,0.000010659,0.00054878,0.0001322,2025-04-14
30,77,Zn,90,232,Th,2,,,0.0000057147,0.0000014192,0.000045717,0.000011013,2025-04-14
30,78,Zn,90,232,Th,0,,,0.000082313,0.000026587,0.0008082,0.00027606,2025-04-14
30,79,Zn,90,232,Th,0,,,0.00006201,0.000022691,0.0006661,0.0002819,2025-04-14
30,80,Zn,90,232,Th,0,,,0.000033777,0.000012497,0.00020712,0.000091284,2025-04-14
30,81,Zn,90,232,Th,0,,,0.0000087269,0.000003115,0.000030953,0.000013784,2025-04-14
30,82,Zn,90,232,Th,0,,,0.0000015808,0.00000052361,0.0000030823,0.0000014132,2025-04-14
30,83,Zn,90,232,Th,0,,,0.0000001237,0.000000038643,0.00000013244,0.000000065157,2025-04-14
31,69,Ga,90,232,Th,0,,,0,0,0,0,2025-04-14
31,71,Ga,90,232,Th,0,,,0.0000000000083864,0.0000000000032838,0.00000000033196,0.0000000001303,2025-04-14
31,72,Ga,90,232,Th,0,,,0.00000000042583,0.0000000001745,0.0000000085064,0.0000000033143,2025-04-14
31,72,Ga,90,232,Th,-2,,,0.000000000041858,0.000000000017153,0.00000000052567,0.00000000020481,2025-04-14
31,73,Ga,90,232,Th,0,,,0.000000015922,0.0000000062726,0.00000023199,0.000000091541,2025-04-14
31,74,Ga,90,232,Th,0,,,0.00000012626,0.000000048576,0.0000014711,0.0000005683,2025-04-14
31,74,Ga,90,232,Th,2,,,0.00000012626,0.000000048576,0.0000014711,0.0000005683,2025-04-14
31,75,Ga,90,232,Th,0,,,0.0000028889,0.0000010701,0.000028548,0.000010718,2025-04-14
31,76,Ga,90,232,Th,0,,,0.000014455,0.0000049748,0.00013453,0.000047777,2025-04-14
31,77,Ga,90,232,Th,0,,,0.000053372,0.000012387,0.00055743,0.0001399,2025-04-14
31,78,Ga,90,232,Th,0,,,0.00019342,0.000040832,0.0016585,0.00039116,2025-04-14
31,79,Ga,90,232,Th,0,,,0.00051982,0.00011183,0.0049266,0.0010497,2025-04-14
31,80,Ga,90,232,Th,0,,,0.00068541,0.00020564,0.0036906,0.0011172,2025-04-14
31,81,Ga,90,232,Th,0,,,0.00072811,0.00023695,0.0022746,0.00089742,2025-04-14
31,82,Ga,90,232,Th,0,,,0.00035497,0.00011481,0.0006468,0.00029732,2025-04-14
31,83,Ga,90,232,Th,0,,,0.00012307,0.000038176,0.00013116,0.000065028,2025-04-14
31,84,Ga,90,232,Th,0,,,0.000023867,0.00000725,0.000014606,0.0000063045,2025-04-14
31,85,Ga,90,232,Th,0,,,0.0000014742,0.00000051587,0.00000099505,0.00000042025,2025-04-14
31,86,Ga,90,232,Th,0,,,0.000000073623,0.000000023467,0.000000032054,0.000000012268,2025-04-14
32,72,Ge,90,232,Th,0,,,0,0,0.0000000000019007,0.00000000000074062,2025-04-14
32,73,Ge,90,232,Th,0,,,0.0000000000093936,0.0000000000037074,0.00000000011772,0.000000000046509,2025-04-14
32,73,Ge,90,232,Th,2,,,0.0000000000018914,0.00000000000074647,0.000000000014788,0.0000000000058425,2025-04-14
32,74,Ge,90,232,Th,0,,,0.00000000075711,0.00000000029458,0.0000000071364,0.0000000027803,2025-04-14
32,75,Ge,90,232,Th,0,,,0.0000000026272,0.0000000010287,0.000000013812,0.0000000054234,2025-04-14
32,75,Ge,90,232,Th,2,,,0.000000019732,0.0000000077263,0.0000001658,0.000000065102,2025-04-14
32,76,Ge,90,232,Th,0,,,0.00000044305,0.00000017539,0.00000337,0.0000013493,2025-04-14
32,77,Ge,90,232,Th,0,,,0.0000034161,0.0000012563,0.000030651,0.000011506,2025-04-14
32,77,Ge,90,232,Th,1,,,0.00000045483,0.00000016727,0.0000025534,0.00000095848,2025-04-14
32,78,Ge,90,232,Th,0,,,0.000050818,0.000017676,0.00036453,0.00013822,2025-04-14
32,79,Ge,90,232,Th,0,,,0.000035275,0.000010461,0.00019007,0.000066206,2025-04-14
32,79,Ge,90,232,Th,1,,,0.00026493,0.000078569,0.0022816,0.00079472,2025-04-14
32,80,Ge,90,232,Th,0,,,0.0013961,0.00027504,0.0067486,0.0015996,2025-04-14
32,81,Ge,90,232,Th,0,,,0.0028381,0.0004914,0.0075485,0.0018674,2025-04-14
32,81,Ge,90,232,Th,1,,,0.00057145,0.000098941,0.00094823,0.00023458,2025-04-14
32,82,Ge,90,232,Th,0,,,0.006657,0.0011337,0.0066356,0.0025656,2025-04-14
32,83,Ge,90,232,Th,0,,,0.0059815,0.0012554,0.0031641,0.0021662,2025-04-14
32,84,Ge,90,232,Th,0,,,0.004827,0.0011321,0.0020713,0.0010943,2025-04-14
32,85,Ge,90,232,Th,0,,,0.00073444,0.00024495,0.00050101,0.00022193,2025-04-14
32,86,Ge,90,232,Th,0,,,0.0001598,0.000050583,0.000079744,0.00003073,2025-04-14
32,87,Ge,90,232,Th,0,,,0.000010674,0.000003676,0.0000054068,0.0000019368,2025-04-14
32,88,Ge,90,232,Th,0,,,0.00000060541,0.00000021362,0.0000002291,0.000000083805,2025-04-14
32,89,Ge,90,232,Th,0,,,0.000000016317,0.000000005563,0.0000000054361,0.0000000018842,2025-04-14
33,75,As,90,232,Th,0,,,0.0000000000015352,0.00000000000060136,0.0000000000066142,0.0000000000025978,2025-04-14
33,75,As,90,232,Th,4,,,0.0000000000058139,0.0000000000022773,0.000000000040868,0.000000000016051,2025-04-14
33,76,As,90,232,Th,0,,,0.00000000039179,0.00000000015569,0.0000000024043,0.00000000096534,2025-04-14
33,77,As,90,232,Th,0,,,0.000000014358,0.0000000054031,0.000000099771,0.000000038117,2025-04-14
33,78,As,90,232,Th,0,,,0.0000004877,0.0000001877,0.0000028796,0.0000011839,2025-04-14
33,79,As,90,232,Th,0,,,0.000011486,0.0000043516,0.000080266,0.000034725,2025-04-14
33,80,As,90,232,Th,0,,,0.00012828,0.000046535,0.00059278,0.00024548,2025-04-14
33,81,As,90,232,Th,0,,,0.0010714,0.00034582,0.0038068,0.0012386,2025-04-14
33,82,As,90,232,Th,0,,,0.0008914,0.0002389,0.0016134,0.00038214,2025-04-14
33,82,As,90,232,Th,1,,,0.0031059,0.0008324,0.0091285,0.0021621,2025-04-14
33,83,As,90,232,Th,0,,,0.011632,0.0019195,0.018201,0.0035196,2025-04-14
33,84,As,90,232,Th,0,,,0.010549,0.0018395,0.006346,0.0019986,2025-04-14
33,84,As,90,232,Th,-2,,,0.010549,0.0018395,0.006346,0.0019986,2025-04-14
33,85,As,90,232,Th,0,,,0.014405,0.0035834,0.0072569,0.0039025,2025-04-14
33,86,As,90,232,Th,0,,,0.0087091,0.0026471,0.004244,0.0019354,2025-04-14
33,87,As,90,232,Th,0,,,0.0026003,0.00090384,0.0015253,0.00058421,2025-04-14
33,88,As,90,232,Th,0,,,0.00042038,0.00014896,0.00020038,0.000074129,2025-04-14
33,89,As,90,232,Th,0,,,0.000052325,0.000017853,0.000023452,0.0000081399,2025-04-14
33,90,As,90,232,Th,0,,,0.000002874,0.000001078,0.0000010985,0.0000003878,2025-04-14
33,91,As,90,232,Th,0,,,0.0000001284,0.000000043671,0.000000038521,0.000000013744,2025-04-14
33,92,As,90,232,Th,0,,,0.0000000025586,0.00000000088538,0.00000000051134,0.00000000017993,2025-04-14
34,76,Se,90,232,Th,0,,,0,0,0,0,2025-04-14
34,77,Se,90,232,Th,0,,,0.00000000000023677,0.000000000000089111,0.00000000000086474,0.00000000000033038,2025-04-14
34,77,Se,90,232,Th,1,,,0.0000000000017783,0.00000000000066928,0.00000000001038,0.0000000000039658,2025-04-14
34,78,Se,90,232,Th,0,,,0.00000000030136,0.00000000011609,0.0000000014512,0.00000000059712,2025-04-14
34,79,Se,90,232,Th,0,,,0.000000017215,0.0000000065676,0.00000010476,0.000000045826,2025-04-14
34,79,Se,90,232,Th,1,,,0.0000000022921,0.00000000087445,0.0000000087274,0.0000000038176,2025-04-14
34,80,Se,90,232,Th,0,,,0.00000095881,0.00000035766,0.000003724,0.0000016491,2025-04-14
34,81,Se,90,232,Th,0,,,0.0000025808,0.0000009204,0.0000044886,0.0000019812,2025-04-14
34,81,Se,90,232,Th,1,,,0.000019383,0.0000069128,0.000053881,0.000023782,2025-04-14
34,82,Se,90,232,Th,0,,,0.00035176,0.00011511,0.00064176,0.00027202,2025-04-14
34,83,Se,90,232,Th,0,,,0.0021021,0.00061345,0.0030995,0.0011446,2025-04-14
34,83,Se,90,232,Th,1,,,0.00042324,0.00012352,0.00038935,0.00014379,2025-04-14
34,84,Se,90,232,Th,0,,,0.017139,0.0034742,0.01765,0.0036611,2025-04-14
34,85,Se,90,232,Th,0,,,0.025526,0.0037961,0.029807,0.0048068,2025-04-14
34,86,Se,90,232,Th,0,,,0.047444,0.0055848,0.031953,0.0053663,2025-04-14
34,87,Se,90,232,Th,0,,,0.027156,0.0058605,0.017186,0.0053088,2025-04-14
34,88,Se,90,232,Th,0,,,0.015977,0.005084,0.0084266,0.0033981,2025-04-14
34,89,Se,90,232,Th,0,,,0.0059854,0.0021056,0.0034566,0.0013006,2025-04-14
34,90,Se,90,232,Th,0,,,0.0014849,0.00056939,0.00078534,0.00028361,2025-04-14
34,91,Se,90,232,Th,0,,,0.00019059,0.000065006,0.000082007,0.000029354,2025-04-14
34,92,Se,90,232,Th,0,,,0.000017498,0.0000060572,0.0000053057,0.0000018674,2025-04-14
34,93,Se,90,232,Th,0,,,0.00000062902,0.00000023233,0.00000016368,0.000000060599,2025-04-14
34,94,Se,90,232,Th,0,,,0.000000021314,0.0000000075952,0.0000000049053,0.000000001727,2025-04-14
35,79,Br,90,232,Th,0,,,0.00000000000027395,0.00000000000010451,0.00000000000088518,0.00000000000038721,2025-04-14
35,79,Br,90,232,Th,1,,,0.0000000000010374,0.00000000000039579,0.0000000000054693,0.0000000000023925,2025-04-14
35,80,Br,90,232,Th,0,,,0.000000000041677,0.00000000001555,0.000000000095321,0.000000000042239,2025-04-14
35,80,Br,90,232,Th,2,,,0.00000000014521,0.000000000054179,0.00000000053931,0.00000000023898,2025-04-14
35,81,Br,90,232,Th,0,,,0.000000019507,0.0000000069694,0.000000047286,0.000000021055,2025-04-14
35,82,Br,90,232,Th,0,,,0.00000064132,0.00000021244,0.0000011792,0.00000054043,2025-04-14
35,82,Br,90,232,Th,1,,,0.00000023528,0.000000077938,0.00000026113,0.00000011968,2025-04-14
35,83,Br,90,232,Th,0,,,0.00002722,0.0000084959,0.000030507,0.00001494,2025-04-14
35,84,Br,90,232,Th,0,,,0.00023403,0.00007038,0.00017793,0.000074295,2025-04-14
35,84,Br,90,232,Th,1,,,0.00023403,0.00007038,0.00017793,0.000074295,2025-04-14
35,85,Br,90,232,Th,0,,,0.0026952,0.00087081,0.0028517,0.001022,2025-04-14
35,86,Br,90,232,Th,0,,,0.013456,0.0033822,0.01123,0.0030049,2025-04-14
35,87,Br,90,232,Th,0,,,0.034119,0.005748,0.032227,0.0052857,2025-04-14
35,88,Br,90,232,Th,0,,,0.041989,0.0058711,0.031395,0.0042846,2025-04-14
35,89,Br,90,232,Th,0,,,0.039711,0.0063848,0.028254,0.005609,2025-04-14
35,90,Br,90,232,Th,0,,,0.018656,0.0061676,0.013583,0.0048391,2025-04-14
35,91,Br,90,232,Th,0,,,0.01068,0.003732,0.0062891,0.0024368,2025-04-14
35,92,Br,90,232,Th,0,,,0.0029198,0.0010405,0.0013414,0.00048363,2025-04-14
35,93,Br,90,232,Th,0,,,0.00049111,0.00018288,0.00020485,0.000076286,2025-04-14
35,94,Br,90,232,Th,0,,,0.000046557,0.000016606,0.000017653,0.0000062181,2025-04-14
35,95,Br,90,232,Th,0,,,0.000003523,0.0000012799,0.00000087042,0.00000031743,2025-04-14
35,96,Br,90,232,Th,0,,,0.00000012263,0.000000048183,0.000000022615,0.0000000082102,2025-04-14
35,97,Br,90,232,Th,0,,,0.0000000035687,0.0000000012658,0.00000000042067,0.00000000015162,2025-04-14
36,80,Kr,90,232,Th,0,,,0,0,0,0,2025-04-14
36,82,Kr,90,232,Th,0,,,0.00000000012994,0.000000000043046,0.00000000020532,0.000000000094127,2025-04-14
36,83,Kr,90,232,Th,0,,,0.0000000096833,0.000000003025,0.000000011648,0.0000000057303,2025-04-14
36,83,Kr,90,232,Th,2,,,0.0000000019497,0.00000000060907,0.0000000014632,0.00000000071983,2025-04-14
36,84,Kr,90,232,Th,0,,,0.00000089668,0.00000027268,0.00000070485,0.00000030387,2025-04-14
36,85,Kr,90,232,Th,0,,,0.000011472,0.0000040123,0.000013127,0.0000055362,2025-04-14
36,85,Kr,90,232,Th,1,,,0.0000023099,0.00000080787,0.000001649,0.00000069545,2025-04-14
36,86,Kr,90,232,Th,0,,,0.00027455,0.000086846,0.00023578,0.000089007,2025-04-14
36,87,Kr,90,232,Th,0,,,0.0016807,0.00055116,0.0017326,0.0005782,2025-04-14
36,88,Kr,90,232,Th,0,,,0.0094008,0.0026267,0.0087178,0.0023346,2025-04-14
36,89,Kr,90,232,Th,0,,,0.027504,0.0055358,0.028152,0.0050758,2025-04-14
36,90,Kr,90,232,Th,0,,,0.052351,0.006526,0.045576,0.0063108,2025-04-14
36,91,Kr,90,232,Th,0,,,0.046257,0.0066255,0.035023,0.0049951,2025-04-14
36,92,Kr,90,232,Th,0,,,0.033174,0.0061443,0.020636,0.0048954,2025-04-14
36,93,Kr,90,232,Th,0,,,0.013352,0.0047229,0.0086488,0.0033242,2025-04-14
36,94,Kr,90,232,Th,0,,,0.0056742,0.0020872,0.0035783,0.0013195,2025-04-14
36,95,Kr,90,232,Th,0,,,0.0012599,0.00046522,0.00053119,0.00019563,2025-04-14
36,96,Kr,90,232,Th,0,,,0.00019397,0.000076522,0.000061913,0.000022508,2025-04-14
36,97,Kr,90,232,Th,0,,,0.000015501,0.0000055001,0.0000031994,0.0000011532,2025-04-14
36,98,Kr,90,232,Th,0,,,0.00000091951,0.00000035586,0.00000014995,0.000000055132,2025-04-14
36,99,Kr,90,232,Th,0,,,0.000000024207,0.0000000084476,0.0000000029988,0.0000000010589,2025-04-14
36,100,Kr,90,232,Th,0,,,0.00000000038062,0.00000000014525,0.000000000055506,0.000000000020815,2025-04-14
37,84,Rb,90,232,Th,0,,,0.000000000013791,0.0000000000041941,0.0000000000078972,0.000000000003405,2025-04-14
37,84,Rb,90,232,Th,2,,,0.000000000028932,0.0000000000087989,0.000000000027628,0.000000000011912,2025-04-14
37,85,Rb,90,232,Th,0,,,0.0000000030396,0.0000000010637,0.0000000036126,0.0000000015256,2025-04-14
37,86,Rb,90,232,Th,0,,,0.000000055609,0.000000017725,0.000000037947,0.000000014523,2025-04-14
37,86,Rb,90,232,Th,2,,,0.00000011666,0.000000037185,0.00000013275,0.000000050808,2025-04-14
37,87,Rb,90,232,Th,0,,,0.0000045782,0.0000015771,0.0000056057,0.0000020063,2025-04-14
37,88,Rb,90,232,Th,0,,,0.000062803,0.000022103,0.000069422,0.000025285,2025-04-14
37,89,Rb,90,232,Th,0,,,0.00072441,0.00024129,0.0009233,0.00030822,2025-04-14
37,90,Rb,90,232,Th,0,,,0.00031074,0.00010528,0.00024379,0.000076504,2025-04-14
37,90,Rb,90,232,Th,-2,,,0.0031613,0.001071,0.003945,0.001238,2025-04-14
37,91,Rb,90,232,Th,0,,,0.015133,0.0038088,0.017637,0.0039601,2025-04-14
37,92,Rb,90,232,Th,0,,,0.032717,0.0058471,0.029266,0.0048315,2025-04-14
37,93,Rb,90,232,Th,0,,,0.041887,0.0056063,0.037255,0.0045776,2025-04-14
37,94,Rb,90,232,Th,0,,,0.02816,0.004906,0.024829,0.0058027,2025-04-14
37,95,Rb,90,232,Th,0,,,0.018459,0.0049824,0.012749,0.0041589,2025-04-14
37,96,Rb,90,232,Th,0,,,0.0037549,0.0015116,0.0021231,0.00078475,2025-04-14
37,96,Rb,90,232,Th,-2,,,0.0037549,0.0015116,0.0021231,0.00078475,2025-04-14
37,97,Rb,90,232,Th,0,,,0.00264,0.00095147,0.00095937,0.00034874,2025-04-14
37,98,Rb,90,232,Th,0,,,0.00021617,0.00008421,0.000061925,0.000022812,2025-04-14
37,98,Rb,90,232,Th,5,,,0.00021617,0.00008421,0.000061925,0.000022812,2025-04-14
37,99,Rb,90,232,Th,0,,,0.000049499,0.000017286,0.000010879,0.0000038423,2025-04-14
37,100,Rb,90,232,Th,0,,,0.000002141,0.00000081706,0.00000056148,0.00000021056,2025-04-14
37,101,Rb,90,232,Th,0,,,0.00000005834,0.000000022492,0.0000000000031585,0.0000000000012538,2025-04-14
38,84,Sr,90,232,Th,0,,,0,0,0,0,2025-04-14
38,86,Sr,90,232,Th,0,,,0.0000000000061992,0.000000000001976,0.000000000007159,0.00000000000274,2025-04-14
38,87,Sr,90,232,Th,0,,,0.00000000040048,0.00000000013799,0.00000000063865,0.00000000022866,2025-04-14
38,87,Sr,90,232,Th,1,,,0.000000000080636,0.000000000027785,0.000000000080227,0.000000000028724,2025-04-14
38,88,Sr,90,232,Th,0,,,0.000000030111,0.000000010625,0.000000042208,0.000000015439,2025-04-14
38,89,Sr,90,232,Th,0,,,0.00000098104,0.00000033446,0.0000016534,0.00000057302,2025-04-14
38,90,Sr,90,232,Th,0,,,0.000019231,0.000007206,0.000031312,0.000011038,2025-04-14
38,91,Sr,90,232,Th,0,,,0.00020458,0.000069101,0.00031246,0.00010995,2025-04-14
38,92,Sr,90,232,Th,0,,,0.0017454,0.0005706,0.0022784,0.00073749,2025-04-14
38,93,Sr,90,232,Th,0,,,0.0064334,0.0019785,0.0091739,0.0025918,2025-04-14
38,94,Sr,90,232,Th,0,,,0.02087,0.0043141,0.028451,0.0053881,2025-04-14
38,95,Sr,90,232,Th,0,,,0.033909,0.0050742,0.031379,0.0047757,2025-04-14
38,96,Sr,90,232,Th,0,,,0.03622,0.0056504,0.026195,0.0046858,2025-04-14
38,97,Sr,90,232,Th,0,,,0.021672,0.0039944,0.011357,0.0030124,2025-04-14
38,98,Sr,90,232,Th,0,,,0.011893,0.0040052,0.0058168,0.0020835,2025-04-14
38,99,Sr,90,232,Th,0,,,0.0037507,0.0012895,0.001453,0.00051573,2025-04-14
38,100,Sr,90,232,Th,0,,,0.00070822,0.00027056,0.00032887,0.00012409,2025-04-14
38,101,Sr,90,232,Th,0,,,0.000052463,0.000020207,0.0000013402,0.000000532,2025-04-14
38,102,Sr,90,232,Th,0,,,0.00000036759,0.00000015119,0.0000011724,0.00000048006,2025-04-14
38,103,Sr,90,232,Th,0,,,0.0000001363,0.000000053108,0.00000077763,0.00000031054,2025-04-14
38,104,Sr,90,232,Th,0,,,0.000000089868,0.000000037323,0.0000019082,0.00000075077,2025-04-14
38,105,Sr,90,232,Th,0,,,0.00000012666,0.000000045974,0.000000049041,0.000000017916,2025-04-14
39,89,Y,90,232,Th,0,,,0.0000000000089014,0.0000000000030349,0.00000000001349,0.0000000000046757,2025-04-14
39,89,Y,90,232,Th,1,,,0.00000000004421,0.000000000015073,0.00000000010739,0.000000000037221,2025-04-14
39,90,Y,90,232,Th,0,,,0.0000000011058,0.00000000041476,0.0000000017269,0.00000000060959,2025-04-14
39,90,Y,90,232,Th,-2,,,0.0000000018494,0.00000000069364,0.0000000049356,0.0000000017422,2025-04-14
39,91,Y,90,232,Th,0,,,0.000000023689,0.000000008057,0.000000034317,0.000000012245,2025-04-14
39,91,Y,90,232,Th,1,,,0.00000011765,0.000000040016,0.00000027318,0.000000097475,2025-04-14
39,92,Y,90,232,Th,0,,,0.0000032847,0.0000011365,0.0000063111,0.0000022198,2025-04-14
39,93,Y,90,232,Th,0,,,0.0000058515,0.0000021561,0.0000082798,0.0000030458,2025-04-14
39,93,Y,90,232,Th,2,,,0.000043949,0.000016194,0.00009939,0.000036561,2025-04-14
39,94,Y,90,232,Th,0,,,0.00037928,0.00013305,0.00082728,0.00028149,2025-04-14
39,95,Y,90,232,Th,0,,,0.0025376,0.00084323,0.0042754,0.001312,2025-04-14
39,96,Y,90,232,Th,0,,,0.0024652,0.00078282,0.0023124,0.00059743,2025-04-14
39,96,Y,90,232,Th,5,,,0.0051718,0.0016423,0.0080896,0.0020901,2025-04-14
39,97,Y,90,232,Th,0,,,0.0032756,0.00063641,0.0019446,0.00033268,2025-04-14
39,97,Y,90,232,Th,1,,,0.012108,0.0023524,0.0090052,0.0015406,2025-04-14
39,97,Y,90,232,Th,29,,,0.0041609,0.00080842,0.0064751,0.0011077,2025-04-14
39,98,Y,90,232,Th,0,,,0.0038077,0.00072952,0.0017718,0.00032554,2025-04-14
39,98,Y,90,232,Th,2,,,0.018459,0.0035367,0.013894,0.0025528,2025-04-14
39,99,Y,90,232,Th,0,,,0.017552,0.0023779,0.010272,0.0018118,2025-04-14
39,100,Y,90,232,Th,0,,,0.0033791,0.00099805,0.0025594,0.00085245,2025-04-14
39,100,Y,90,232,Th,4,,,0.0033791,0.00099805,0.0025594,0.00085245,2025-04-14
39,101,Y,90,232,Th,0,,,0.0020337,0.00070746,0.0015314,0.00060849,2025-04-14
39,102,Y,90,232,Th,0,,,0.00017542,0.00006937,0.00053685,0.00021807,2025-04-14
39,102,Y,90,232,Th,-2,,,0.00017542,0.00006937,0.00053685,0.00021807,2025-04-14
39,103,Y,90,232,Th,0,,,0.00016396,0.000060059,0.00089658,0.00034767,2025-04-14
39,104,Y,90,232,Th,0,,,0.000085124,0.000033616,0.00035841,0.00014001,2025-04-14
39,105,Y,90,232,Th,0,,,0.000030734,0.000010839,0.00005191,0.000018946,2025-04-14
39,106,Y,90,232,Th,0,,,0.0000022355,0.00000082299,0.0000022023,0.00000080472,2025-04-14
39,107,Y,90,232,Th,0,,,0.00000012616,0.000000049248,0.000000042569,0.00000001692,2025-04-14
39,108,Y,90,232,Th,0,,,0.0000000022858,0.00000000090005,0.000000000195,0.000000000075286,2025-04-14
40,90,Zr,90,232,Th,0,,,0,0,0,0,2025-04-14
40,91,Zr,90,232,Th,0,,,0.0000000000035342,0.0000000000012021,0.000000000011119,0.0000000000039674,2025-04-14
40,92,Zr,90,232,Th,0,,,0.0000000003423,0.00000000011845,0.00000000099824,0.00000000035126,2025-04-14
40,93,Zr,90,232,Th,0,,,0.000000017064,0.0000000063024,0.000000058929,0.000000021817,2025-04-14
40,94,Zr,90,232,Th,0,,,0.00000050539,0.00000018008,0.0000017685,0.00000062254,2025-04-14
40,95,Zr,90,232,Th,0,,,0.0000099187,0.0000036005,0.000026338,0.0000095828,2025-04-14
40,96,Zr,90,232,Th,0,,,0.00010405,0.000040606,0.00022464,0.000080289,2025-04-14
40,97,Zr,90,232,Th,0,,,0.00071906,0.0002442,0.0010602,0.00035353,2025-04-14
40,98,Zr,90,232,Th,0,,,0.0031676,0.0010271,0.003855,0.0011283,2025-04-14
40,99,Zr,90,232,Th,0,,,0.0080245,0.0018035,0.0077439,0.0016413,2025-04-14
40,100,Zr,90,232,Th,0,,,0.0093401,0.0018798,0.011471,0.0020185,2025-04-14
40,101,Zr,90,232,Th,0,,,0.0055292,0.0010623,0.012828,0.0016337,2025-04-14
40,102,Zr,90,232,Th,0,,,0.0029622,0.00049144,0.0096758,0.0014935,2025-04-14
40,103,Zr,90,232,Th,0,,,0.0012163,0.00012101,0.0070656,0.0007306,2025-04-14
40,104,Zr,90,232,Th,0,,,0.00070247,0.00011794,0.0048181,0.0011578,2025-04-14
40,105,Zr,90,232,Th,0,,,0.00036137,0.000072294,0.0023338,0.00070826,2025-04-14
40,106,Zr,90,232,Th,0,,,0.00011971,0.00003727,0.00053325,0.0001897,2025-04-14
40,107,Zr,90,232,Th,0,,,0.000026518,0.000010058,0.000047522,0.000018865,2025-04-14
40,108,Zr,90,232,Th,0,,,0.0000026742,0.0000010501,0.0000014765,0.00000057005,2025-04-14
40,109,Zr,90,232,Th,0,,,0.00000014589,0.000000053906,0.000000025823,0.0000000097193,2025-04-14
40,110,Zr,90,232,Th,0,,,0.0000000032734,0.0000000012891,0.00000000012367,0.000000000046539,2025-04-14
41,94,Nb,90,232,Th,0,,,0.000000000014418,0.0000000000051378,0.000000000098926,0.000000000034828,2025-04-14
41,94,Nb,90,232,Th,1,,,0.0000000000086216,0.0000000000030722,0.000000000034614,0.000000000012186,2025-04-14
41,95,Nb,90,232,Th,0,,,0.0000000013603,0.00000000049415,0.0000000065654,0.0000000023942,2025-04-14
41,95,Nb,90,232,Th,1,,,0.00000000027389,0.000000000099494,0.00000000082475,0.00000000030076,2025-04-14
41,96,Nb,90,232,Th,0,,,0.000000059612,0.000000023421,0.00000021988,0.000000079824,2025-04-14
41,97,Nb,90,232,Th,0,,,0.0000011355,0.0000004027,0.0000029967,0.0000010798,2025-04-14
41,97,Nb,90,232,Th,1,,,0.00000022862,0.000000081081,0.00000037644,0.00000013564,2025-04-14
41,98,Nb,90,232,Th,0,,,0.0000040932,0.0000015816,0.0000056013,0.0000020546,2025-04-14
41,98,Nb,90,232,Th,1,,,0.000014262,0.0000055106,0.000031691,0.000011624,2025-04-14
41,99,Nb,90,232,Th,0,,,0.00011681,0.000040247,0.00020109,0.000069981,2025-04-14
41,99,Nb,90,232,Th,1,,,0.000023519,0.0000081036,0.000025261,0.000008791,2025-04-14
41,100,Nb,90,232,Th,0,,,0.000089821,0.000032157,0.0001181,0.000042038,2025-04-14
41,100,Nb,90,232,Th,4,,,0.00043545,0.00015589,0.0009261,0.00032965,2025-04-14
41,101,Nb,90,232,Th,0,,,0.0010053,0.00032166,0.001643,0.00060539,2025-04-14
41,102,Nb,90,232,Th,0,,,0.00020148,0.000076065,0.00062405,0.00023928,2025-04-14
41,102,Nb,90,232,Th,1,,,0.00020148,0.000076065,0.00062405,0.00023928,2025-04-14
41,103,Nb,90,232,Th,0,,,0.00016296,0.000058954,0.00090899,0.00033766,2025-04-14
41,104,Nb,90,232,Th,0,,,0.000046656,0.000018201,0.0019798,0.00054115,2025-04-14
41,104,Nb,90,232,Th,4,,,0.000046656,0.000018201,0.0019798,0.00054115,2025-04-14
41,105,Nb,90,232,Th,0,,,0.00030222,0.000070678,0.0063483,0.00093263,2025-04-14
41,106,Nb,90,232,Th,0,,,0.00034821,0.000050365,0.0055132,0.0011796,2025-04-14
41,107,Nb,90,232,Th,0,,,0.00028478,0.0000679,0.0022034,0.00080272,2025-04-14
41,108,Nb,90,232,Th,0,,,0.000123,0.000041539,0.00038927,0.00014919,2025-04-14
41,109,Nb,90,232,Th,0,,,0.000028872,0.000010289,0.000034366,0.000012931,2025-04-14
41,110,Nb,90,232,Th,0,,,0.0000032444,0.0000012737,0.0000010233,0.00000038507,2025-04-14
41,111,Nb,90,232,Th,0,,,0.0000001924,0.000000071676,0.000000015998,0.0000000058477,2025-04-14
41,112,Nb,90,232,Th,0,,,0.0000000061528,0.0000000023417,0.00000000014876,0.00000000005374,2025-04-14
41,113,Nb,90,232,Th,0,,,0.00000000010742,0.000000000042159,,,2025-04-14
42,95,Mo,90,232,Th,0,,,0,0,0,0,2025-04-14
42,96,Mo,90,232,Th,0,,,0.0000000000012665,0.0000000000004976,0.0000000000081622,0.0000000000029632,2025-04-14
42,97,Mo,90,232,Th,0,,,0.00000000010226,0.000000000036272,0.00000000044358,0.00000000015988,2025-04-14
42,98,Mo,90,232,Th,0,,,0.0000000047983,0.000000001857,0.000000017137,0.0000000063008,2025-04-14
42,99,Mo,90,232,Th,0,,,0.00000012534,0.00000004374,0.00000035572,0.0000001256,2025-04-14
42,100,Mo,90,232,Th,0,,,0.0000015526,0.00000059236,0.0000054494,0.0000020427,2025-04-14
42,101,Mo,90,232,Th,0,,,0.0000096034,0.0000036967,0.0000013701,0.0000005438,2025-04-14
42,102,Mo,90,232,Th,0,,,0.00000033416,0.00000013744,0.0000010342,0.00000042345,2025-04-14
42,103,Mo,90,232,Th,0,,,0.000000135,0.000000052598,0.00000074709,0.00000029832,2025-04-14
42,104,Mo,90,232,Th,0,,,0.000000076811,0.0000000319,0.00021744,0.000083857,2025-04-14
42,105,Mo,90,232,Th,0,,,0.000016618,0.0000059326,0.0013371,0.00043257,2025-04-14
42,106,Mo,90,232,Th,0,,,0.000073353,0.000024512,0.0048657,0.0011282,2025-04-14
42,107,Mo,90,232,Th,0,,,0.00021461,0.000060765,0.006983,0.0013724,2025-04-14
42,108,Mo,90,232,Th,0,,,0.00034185,0.000068719,0.0048928,0.0012996,2025-04-14
42,109,Mo,90,232,Th,0,,,0.00029094,0.000057401,0.0018783,0.00064848,2025-04-14
42,110,Mo,90,232,Th,0,,,0.0001413,0.000047344,0.00032625,0.00012217,2025-04-14
42,111,Mo,90,232,Th,0,,,0.000036563,0.000013122,0.000026655,0.0000097421,2025-04-14
42,112,Mo,90,232,Th,0,,,0.000005087,0.0000019273,0.0000011874,0.00000042894,2025-04-14
42,113,Mo,90,232,Th,0,,,0.00000037739,0.00000014806,0.00000003212,0.000000011751,2025-04-14
42,114,Mo,90,232,Th,0,,,0.000000016924,0.0000000066371,0.0000000011649,0.00000000042102,2025-04-14
42,115,Mo,90,232,Th,0,,,0.00000000080901,0.00000000031192,0.000000000034895,0.00000000001291,2025-04-14
43,99,Tc,90,232,Th,0,,,0.0000000000035078,0.0000000000012241,0.000000000019008,0.000000000006712,2025-04-14
43,99,Tc,90,232,Th,2,,,0.00000000000070628,0.00000000000024647,0.0000000000023878,0.00000000000084316,2025-04-14
43,100,Tc,90,232,Th,0,,,0.00000000018355,0.000000000070044,0.0000000011562,0.00000000043359,2025-04-14
43,101,Tc,90,232,Th,0,,,0.0000000039437,0.0000000015204,0.000000000003192,0.000000000001267,2025-04-14
43,102,Tc,90,232,Th,0,,,0,0,0.0000000000011936,0.00000000000048874,2025-04-14
43,103,Tc,90,232,Th,0,,,0,0,0.0000000000017082,0.00000000000068215,2025-04-14
43,104,Tc,90,232,Th,0,,,0,0,0.00000056542,0.00000022245,2025-04-14
43,105,Tc,90,232,Th,0,,,0.000000043821,0.000000015907,0.000014509,0.0000052917,2025-04-14
43,106,Tc,90,232,Th,0,,,0.00000086616,0.00000031935,0.00023555,0.000084074,2025-04-14
43,107,Tc,90,232,Th,0,,,0.000010654,0.0000041095,0.0015384,0.0005369,2025-04-14
43,108,Tc,90,232,Th,0,,,0.000069114,0.000025076,0.0050657,0.0012519,2025-04-14
43,109,Tc,90,232,Th,0,,,0.00020687,0.000053564,0.0067028,0.0010933,2025-04-14
43,110,Tc,90,232,Th,0,,,0.00037439,0.000075673,0.0048213,0.0013161,2025-04-14
43,111,Tc,90,232,Th,0,,,0.00035534,0.000071014,0.0017931,0.00061312,2025-04-14
43,112,Tc,90,232,Th,0,,,0.00018734,0.000058117,0.00036497,0.000131,2025-04-14
43,113,Tc,90,232,Th,0,,,0.000053805,0.000020136,0.000041618,0.000015222,2025-04-14
43,114,Tc,90,232,Th,0,,,0.0000092974,0.0000036172,0.000004863,0.0000017577,2025-04-14
43,115,Tc,90,232,Th,0,,,0.0000013977,0.00000053823,0.00000043069,0.00000015934,2025-04-14
43,116,Tc,90,232,Th,0,,,0.00000016819,0.000000065155,0.000000037765,0.000000014139,2025-04-14
43,117,Tc,90,232,Th,0,,,0.0000000036244,0.0000000014166,0.00000000032579,0.00000000011918,2025-04-14
43,118,Tc,90,232,Th,0,,,0.000000000098599,0.000000000038386,0.000000000006972,0.0000000000025943,2025-04-14
44,99,Ru,90,232,Th,0,,,0,0,0,0,2025-04-14
44,100,Ru,90,232,Th,0,,,0,0,0,0,2025-04-14
44,101,Ru,90,232,Th,0,,,0,0,0,0,2025-04-14
44,102,Ru,90,232,Th,0,,,0,0,0,0,2025-04-14
44,103,Ru,90,232,Th,0,,,0,0,0,0,2025-04-14
44,104,Ru,90,232,Th,0,,,0,0,0.000000000057309,0.000000000022548,2025-04-14
44,105,Ru,90,232,Th,0,,,0.0000000000044806,0.0000000000016266,0.0000000067598,0.0000000024695,2025-04-14
44,106,Ru,90,232,Th,0,,,0.0000000004292,0.00000000015841,0.00000056464,0.00000020631,2025-04-14
44,107,Ru,90,232,Th,0,,,0.000000024995,0.0000000097576,0.000017783,0.0000070545,2025-04-14
44,108,Ru,90,232,Th,0,,,0.00000077801,0.00000030608,0.0002952,0.00011078,2025-04-14
44,109,Ru,90,232,Th,0,,,0.0000096259,0.0000035144,0.0017132,0.00055215,2025-04-14
44,110,Ru,90,232,Th,0,,,0.000072047,0.00002626,0.0058377,0.0013368,2025-04-14
44,111,Ru,90,232,Th,0,,,0.00024445,0.000064972,0.0076052,0.0010594,2025-04-14
44,112,Ru,90,232,Th,0,,,0.00042845,0.000077906,0.0051951,0.0012352,2025-04-14
44,113,Ru,90,232,Th,0,,,0.00020255,0.000043971,0.0010998,0.00036728,2025-04-14
44,113,Ru,90,232,Th,-2,,,0.00020255,0.000043971,0.0010998,0.00036728,2025-04-14
44,114,Ru,90,232,Th,0,,,0.00023531,0.000070952,0.00079737,0.00028396,2025-04-14
44,115,Ru,90,232,Th,0,,,0.0001021,0.000035519,0.00020257,0.000074766,2025-04-14
44,116,Ru,90,232,Th,0,,,0.000034604,0.000012998,0.000045593,0.000017066,2025-04-14
44,117,Ru,90,232,Th,0,,,0.0000036326,0.0000014155,0.0000019923,0.00000072879,2025-04-14
44,118,Ru,90,232,Th,0,,,0.0000003539,0.00000013774,0.00000013431,0.000000049978,2025-04-14
44,119,Ru,90,232,Th,0,,,0.000000020833,0.000000008101,0.0000000061556,0.0000000022796,2025-04-14
44,120,Ru,90,232,Th,0,,,0.00000000088464,0.00000000034714,0.00000000027366,0.0000000001011,2025-04-14
45,103,Rh,90,232,Th,0,,,0,0,0,0,2025-04-14
45,103,Rh,90,232,Th,1,,,0,0,0,0,2025-04-14
45,105,Rh,90,232,Th,0,,,0,0,0,0,2025-04-14
45,105,Rh,90,232,Th,1,,,0,0,0,0,2025-04-14
45,106,Rh,90,232,Th,0,,,0,0,0.0000000000095663,0.0000000000034955,2025-04-14
45,107,Rh,90,232,Th,0,,,0.0000000000022623,0.00000000000088321,0.0000000089826,0.0000000035703,2025-04-14
45,108,Rh,90,232,Th,0,,,0.000000000081676,0.000000000032161,0.0000001299,0.000000050147,2025-04-14
45,108,Rh,90,232,Th,-2,,,0.00000000028458,0.00000000011206,0.00000073497,0.00000028372,2025-04-14
45,109,Rh,90,232,Th,0,,,0.000000021026,0.0000000077701,0.000023153,0.0000086915,2025-04-14
45,110,Rh,90,232,Th,0,,,0.000000017642,0.0000000069423,0.0000059885,0.0000021732,2025-04-14
45,111,Rh,90,232,Th,0,,,0.000010953,0.0000040352,0.0023965,0.00071534,2025-04-14
45,112,Rh,90,232,Th,0,,,0.000035373,0.000012563,0.003109,0.00061885,2025-04-14
45,112,Rh,90,232,Th,-2,,,0.000035373,0.000012563,0.003109,0.00061885,2025-04-14
45,113,Rh,90,232,Th,0,,,0.00021923,0.000067862,0.0077736,0.0010519,2025-04-14
45,114,Rh,90,232,Th,0,,,0.00019306,0.000043193,0.0033789,0.00073005,2025-04-14
45,114,Rh,90,232,Th,5,,,0.00019306,0.000043193,0.0033789,0.00073005,2025-04-14
45,115,Rh,90,232,Th,0,,,0.00042627,0.000076352,0.0042093,0.0012353,2025-04-14
45,116,Rh,90,232,Th,0,,,0.000096887,0.000022685,0.00041108,0.00014143,2025-04-14
45,116,Rh,90,232,Th,1,,,0.00026409,0.000061835,0.0018563,0.00063864,2025-04-14
45,117,Rh,90,232,Th,0,,,0.00015983,0.0000532,0.00047392,0.00017168,2025-04-14
45,118,Rh,90,232,Th,0,,,0.00005149,0.000019131,0.000097479,0.00003623,2025-04-14
45,119,Rh,90,232,Th,0,,,0.000010442,0.0000040231,0.000013817,0.0000051163,2025-04-14
45,120,Rh,90,232,Th,0,,,0.0000014719,0.00000057686,0.000001701,0.00000062842,2025-04-14
45,121,Rh,90,232,Th,0,,,0.00000011333,0.000000044048,0.0000001045,0.000000038461,2025-04-14
45,122,Rh,90,232,Th,0,,,0.000000006167,0.000000002416,0.0000000070014,0.0000000026179,2025-04-14
46,105,Pd,90,232,Th,0,,,0,0,0,0,2025-04-14
46,106,Pd,90,232,Th,0,,,0,0,0,0,2025-04-14
46,107,Pd,90,232,Th,0,,,0,0,0,0,2025-04-14
46,108,Pd,90,232,Th,0,,,0,0,0.00000000009982,0.000000000038539,2025-04-14
46,109,Pd,90,232,Th,0,,,0.00000000000055254,0.00000000000020419,0.0000000029505,0.0000000011105,2025-04-14
46,109,Pd,90,232,Th,2,,,0.0000000000012145,0.0000000000004488,0.000000010876,0.0000000040935,2025-04-14
46,110,Pd,90,232,Th,0,,,0.00000000034028,0.000000000134,0.000001426,0.00000053653,2025-04-14
46,111,Pd,90,232,Th,0,,,0.0000000071793,0.0000000026749,0.0000084242,0.0000030661,2025-04-14
46,111,Pd,90,232,Th,2,,,0.00000001578,0.0000000058794,0.000031052,0.000011302,2025-04-14
46,112,Pd,90,232,Th,0,,,0.00000063352,0.00000024097,0.00041492,0.00014412,2025-04-14
46,113,Pd,90,232,Th,0,,,0.0000019759,0.00000077031,0.00034903,0.00010812,2025-04-14
46,113,Pd,90,232,Th,2,,,0.0000055283,0.0000021553,0.001602,0.00049626,2025-04-14
46,114,Pd,90,232,Th,0,,,0.000044875,0.000016883,0.0047155,0.0012045,2025-04-14
46,115,Pd,90,232,Th,0,,,0.000040673,0.000013659,0.00148,0.00030469,2025-04-14
46,115,Pd,90,232,Th,1,,,0.000089397,0.000030023,0.0054555,0.0011231,2025-04-14
46,116,Pd,90,232,Th,0,,,0.00026527,0.000075056,0.0075479,0.0013883,2025-04-14
46,117,Pd,90,232,Th,0,,,0.00013367,0.000026743,0.0011669,0.00028331,2025-04-14
46,117,Pd,90,232,Th,-2,,,0.00029379,0.000058779,0.004301,0.0010443,2025-04-14
46,118,Pd,90,232,Th,0,,,0.00039471,0.000085343,0.0030218,0.000965,2025-04-14
46,119,Pd,90,232,Th,0,,,0.00024309,0.000071249,0.001249,0.00044326,2025-04-14
46,120,Pd,90,232,Th,0,,,0.0001038,0.000036806,0.00041171,0.00015045,2025-04-14
46,121,Pd,90,232,Th,0,,,0.000027136,0.000010281,0.00007839,0.000028795,2025-04-14
46,122,Pd,90,232,Th,0,,,0.000004873,0.0000019004,0.00001464,0.0000054733,2025-04-14
46,123,Pd,90,232,Th,0,,,0.00000056993,0.00000022344,0.0000019542,0.00000072725,2025-04-14
46,124,Pd,90,232,Th,0,,,0.000000037371,0.00000001456,0.00000014495,0.000000055192,2025-04-14
47,109,Ag,90,232,Th,0,,,0,0,0,0,2025-04-14
47,109,Ag,90,232,Th,1,,,0,0,0,0,2025-04-14
47,111,Ag,90,232,Th,0,,,0.00000000000021721,0.000000000000080932,0.0000000022669,0.0000000008286,2025-04-14
47,111,Ag,90,232,Th,1,,,0.0000000000016314,0.00000000000060785,0.000000027211,0.0000000099464,2025-04-14
47,112,Ag,90,232,Th,0,,,0.0000000002339,0.000000000089017,0.0000014111,0.00000050966,2025-04-14
47,113,Ag,90,232,Th,0,,,0.0000000013765,0.00000000054019,0.000001966,0.00000071722,2025-04-14
47,113,Ag,90,232,Th,1,,,0.000000010339,0.0000000040572,0.0000236,0.0000086095,2025-04-14
47,114,Ag,90,232,Th,0,,,0.000000046312,0.000000018159,0.000020084,0.0000071467,2025-04-14
47,114,Ag,90,232,Th,-2,,,0.00000022452,0.000000088032,0.0001575,0.000056042,2025-04-14
47,115,Ag,90,232,Th,0,,,0.00000027395,0.00000010539,0.00005278,0.000018464,2025-04-14
47,115,Ag,90,232,Th,1,,,0.0000020575,0.00000079157,0.00063357,0.00022164,2025-04-14
47,116,Ag,90,232,Th,0,,,0.0000034334,0.000001315,0.00032074,0.00010482,2025-04-14
47,116,Ag,90,232,Th,1,,,0.0000093586,0.0000035845,0.0014484,0.00047331,2025-04-14
47,117,Ag,90,232,Th,0,,,0.0000097578,0.0000035274,0.00039786,0.000095856,2025-04-14
47,117,Ag,90,232,Th,1,,,0.000073287,0.000026493,0.0047758,0.0011506,2025-04-14
47,118,Ag,90,232,Th,0,,,0.000037151,0.000011376,0.0007746,0.00014885,2025-04-14
47,118,Ag,90,232,Th,4,,,0.00018011,0.000055151,0.0060742,0.0011673,2025-04-14
47,119,Ag,90,232,Th,0,,,0.00032673,0.000074253,0.006066,0.0011664,2025-04-14
47,120,Ag,90,232,Th,0,,,0.00015724,0.000030948,0.0012536,0.00030806,2025-04-14
47,120,Ag,90,232,Th,2,,,0.00026295,0.000051757,0.0035829,0.00088044,2025-04-14
47,121,Ag,90,232,Th,0,,,0.00032415,0.000079316,0.0025166,0.00077187,2025-04-14
47,122,Ag,90,232,Th,0,,,0.000082843,0.000026668,0.00042494,0.00015139,2025-04-14
47,122,Ag,90,232,Th,1,,,0.000089317,0.000028751,0.00081396,0.00028997,2025-04-14
47,123,Ag,90,232,Th,0,,,0.000062158,0.000022864,0.0004423,0.0001626,2025-04-14
47,124,Ag,90,232,Th,0,,,0.0000066555,0.0000025563,0.000033904,0.000012887,2025-04-14
47,124,Ag,90,232,Th,1,,,0.0000071755,0.000002756,0.000064941,0.000024685,2025-04-14
47,125,Ag,90,232,Th,0,,,0.0000018306,0.00000071937,0.000013513,0.0000051828,2025-04-14
47,126,Ag,90,232,Th,0,,,0.00000015274,0.000000059589,0.0000011537,0.00000043896,2025-04-14
47,127,Ag,90,232,Th,0,,,0.0000000082625,0.0000000030808,0.000000048958,0.000000017577,2025-04-14
47,130,Ag,90,232,Th,0,,,0.0000000000018011,0.00000000000074493,0.0000000065499,0.0000000026384,2025-04-14
48,111,Cd,90,232,Th,0,,,0,0,0,0,2025-04-14
48,112,Cd,90,232,Th,0,,,0,0,0.0000000001911,0.000000000069031,2025-04-14
48,113,Cd,90,232,Th,0,,,0,0,0.0000000020708,0.00000000075757,2025-04-14
48,113,Cd,90,232,Th,1,,,0,0,0.000000012795,0.0000000046808,2025-04-14
48,114,Cd,90,232,Th,0,,,0.000000000065885,0.000000000025839,0.00000032596,0.0000001178,2025-04-14
48,115,Cd,90,232,Th,0,,,0.00000000037729,0.00000000014547,0.00000048932,0.00000018097,2025-04-14
48,115,Cd,90,232,Th,1,,,0.0000000014288,0.00000000055091,0.0000030234,0.0000011181,2025-04-14
48,116,Cd,90,232,Th,0,,,0.000000029071,0.000000011263,0.000021837,0.0000081575,2025-04-14
48,117,Cd,90,232,Th,0,,,0.00000018663,0.000000072892,0.000038273,0.000013664,2025-04-14
48,117,Cd,90,232,Th,2,,,0.00000070678,0.00000027604,0.00023648,0.000084428,2025-04-14
48,118,Cd,90,232,Th,0,,,0.0000075811,0.0000029314,0.0010095,0.00034532,2025-04-14
48,119,Cd,90,232,Th,0,,,0.000010459,0.0000039192,0.00047569,0.00014213,2025-04-14
48,119,Cd,90,232,Th,2,,,0.000029264,0.000010966,0.0021833,0.00065236,2025-04-14
48,120,Cd,90,232,Th,0,,,0.00012432,0.000043008,0.0045787,0.0011183,2025-04-14
48,121,Cd,90,232,Th,0,,,0.000071073,0.000019476,0.001038,0.00016563,2025-04-14
48,121,Cd,90,232,Th,2,,,0.00019886,0.000054491,0.0047643,0.00076017,2025-04-14
48,122,Cd,90,232,Th,0,,,0.00037941,0.000078909,0.0061735,0.0011867,2025-04-14
48,123,Cd,90,232,Th,0,,,0.000097223,0.000020045,0.00088031,0.00021345,2025-04-14
48,123,Cd,90,232,Th,2,,,0.00027203,0.000056084,0.0040404,0.00097965,2025-04-14
48,124,Cd,90,232,Th,0,,,0.00024448,0.000067041,0.0029182,0.00093665,2025-04-14
48,125,Cd,90,232,Th,0,,,0.000027912,0.0000097192,0.00021955,0.000080235,2025-04-14
48,125,Cd,90,232,Th,1,,,0.000078098,0.000027194,0.0010076,0.00036826,2025-04-14
48,126,Cd,90,232,Th,0,,,0.000030989,0.000011721,0.00034336,0.0001293,2025-04-14
48,127,Cd,90,232,Th,0,,,0.0000064439,0.0000023907,0.000053693,0.000019248,2025-04-14
48,128,Cd,90,232,Th,0,,,0.00000014913,0.00000006149,0.0000012361,0.00000050424,2025-04-14
48,129,Cd,90,232,Th,0,,,0.000000099922,0.000000043255,0.00000027729,0.00000011442,2025-04-14
48,129,Cd,90,232,Th,1,,,0.00000027958,0.00000012102,0.0000012727,0.00000052516,2025-04-14
48,130,Cd,90,232,Th,0,,,0.00000077038,0.00000031861,0.000017863,0.0000071967,2025-04-14
48,131,Cd,90,232,Th,0,,,0.0000056821,0.0000020417,0.0000011015,0.00000041033,2025-04-14
48,132,Cd,90,232,Th,0,,,0.00000049999,0.00000018513,0.0000000415,0.000000015398,2025-04-14
49,113,In,90,232,Th,0,,,0,0,0,0,2025-04-14
49,115,In,90,232,Th,0,,,0,0,0.00000000065226,0.00000000024132,2025-04-14
49,115,In,90,232,Th,1,,,0,0,0.000000000081937,0.000000000030314,2025-04-14
49,116,In,90,232,Th,1,,,0.00000000000091671,0.00000000000035518,0.0000000032958,0.000000001234,2025-04-14
49,116,In,90,232,Th,4,,,0.0000000000010613,0.0000000000004112,0.0000000067573,0.0000000025299,2025-04-14
49,117,In,90,232,Th,0,,,0.00000000033367,0.00000000013042,0.00000064648,0.00000023646,2025-04-14
49,117,In,90,232,Th,1,,,0.000000000067183,0.00000000002626,0.00000008121,0.000000029705,2025-04-14
49,118,In,90,232,Th,0,,,0.000000002695,0.0000000010491,0.0000011708,0.0000004353,2025-04-14
49,118,In,90,232,Th,1,,,0.0000000043518,0.0000000016941,0.0000021716,0.00000080741,2025-04-14
49,118,In,90,232,Th,3,,,0.0000000050382,0.0000000019614,0.0000044524,0.0000016554,2025-04-14
49,119,In,90,232,Th,0,,,0.00000018248,0.000000070948,0.000051455,0.000018946,2025-04-14
49,119,In,90,232,Th,1,,,0.000000036741,0.000000014285,0.0000064638,0.00000238,2025-04-14
49,120,In,90,232,Th,0,,,0.00000071729,0.00000028092,0.000082648,0.000029816,2025-04-14
49,120,In,90,232,Th,1,,,0.00000071729,0.00000028092,0.000082648,0.000029816,2025-04-14
49,120,In,90,232,Th,2,,,0.00000071729,0.00000028092,0.000082648,0.000029816,2025-04-14
49,121,In,90,232,Th,0,,,0.000012456,0.0000047729,0.00078297,0.00026289,2025-04-14
49,121,In,90,232,Th,1,,,0.000002508,0.000000961,0.000098356,0.000033024,2025-04-14
49,122,In,90,232,Th,0,,,0.000022557,0.0000083125,0.00060606,0.00018533,2025-04-14
49,122,In,90,232,Th,1,,,0.000018862,0.0000069508,0.00086607,0.00026484,2025-04-14
49,122,In,90,232,Th,5,,,0.000018862,0.0000069508,0.00086607,0.00026484,2025-04-14
49,123,In,90,232,Th,0,,,0.00013253,0.000043083,0.0039119,0.00097546,2025-04-14
49,123,In,90,232,Th,1,,,0.000026684,0.0000086746,0.00049141,0.00012254,2025-04-14
49,124,In,90,232,Th,0,,,0.00013991,0.000034446,0.0021667,0.00042631,2025-04-14
49,124,In,90,232,Th,2,,,0.00015085,0.000037138,0.0041502,0.00081658,2025-04-14
49,125,In,90,232,Th,0,,,0.00030011,0.000059409,0.0059131,0.0011288,2025-04-14
49,125,In,90,232,Th,1,,,0.000060425,0.000011962,0.0007428,0.0001418,2025-04-14
49,126,In,90,232,Th,0,,,0.00015324,0.000036097,0.0017363,0.00043369,2025-04-14
49,126,In,90,232,Th,1,,,0.00016521,0.000038917,0.0033259,0.00083071,2025-04-14
49,127,In,90,232,Th,0,,,0.00018638,0.000055598,0.0022563,0.00068243,2025-04-14
49,127,In,90,232,Th,9,,,0.000037527,0.000011194,0.00028343,0.000085727,2025-04-14
49,128,In,90,232,Th,0,,,0.000061826,0.000024121,0.0003746,0.00014482,2025-04-14
49,128,In,90,232,Th,-2,,,0.000024208,0.0000094448,0.00013231,0.000051151,2025-04-14
49,128,In,90,232,Th,-3,,,0.000092756,0.000036189,0.00097124,0.00037549,2025-04-14
49,129,In,90,232,Th,0,,,0.00037201,0.00015265,0.0016289,0.00063667,2025-04-14
49,129,In,90,232,Th,1,,,0.000074902,0.000030735,0.00020462,0.000079978,2025-04-14
49,130,In,90,232,Th,0,,,0.00019718,0.000073434,0.0002939,0.00011354,2025-04-14
49,130,In,90,232,Th,1,,,0.0002871,0.00010692,0.00095252,0.00036799,2025-04-14
49,130,In,90,232,Th,2,,,0.00039993,0.00014894,0.00071028,0.0002744,2025-04-14
49,131,In,90,232,Th,0,,,0.00031022,0.00010308,0.00015152,0.000056388,2025-04-14
49,131,In,90,232,Th,1,,,0.00031022,0.00010308,0.00015152,0.000056388,2025-04-14
49,131,In,90,232,Th,4,,,0.00031022,0.00010308,0.00015152,0.000056388,2025-04-14
49,132,In,90,232,Th,0,,,0.00030241,0.00011231,0.000068834,0.000025579,2025-04-14
49,133,In,90,232,Th,0,,,0.000042241,0.000015741,0.0000041801,0.0000015321,2025-04-14
49,133,In,90,232,Th,1,,,0.000008505,0.0000031693,0.0000005251,0.00000019246,2025-04-14
49,134,In,90,232,Th,0,,,0.0000032533,0.0000012328,0.00000013147,0.000000050824,2025-04-14
49,135,In,90,232,Th,0,,,0.00000010424,0.000000037981,0.0000000015685,0.00000000056679,2025-04-14
50,115,Sn,90,232,Th,0,,,0,0,0,0,2025-04-14
50,116,Sn,90,232,Th,0,,,0,0,0,0,2025-04-14
50,117,Sn,90,232,Th,0,,,0,0,0.000000000010514,0.0000000000038462,2025-04-14
50,117,Sn,90,232,Th,2,,,0,0,0.000000000064965,0.000000000023765,2025-04-14
50,118,Sn,90,232,Th,0,,,0,0,0.0000000025302,0.0000000009415,2025-04-14
50,119,Sn,90,232,Th,0,,,0.000000000010139,0.0000000000039428,0.0000000080907,0.0000000029962,2025-04-14
50,119,Sn,90,232,Th,2,,,0.000000000038397,0.000000000014931,0.00000004999,0.000000018513,2025-04-14
50,120,Sn,90,232,Th,0,,,0.0000000016058,0.00000000063014,0.00000066767,0.00000024665,2025-04-14
50,121,Sn,90,232,Th,0,,,0.000000010439,0.0000000040574,0.0000012579,0.00000046265,2025-04-14
50,121,Sn,90,232,Th,1,,,0.000000029208,0.000000011353,0.0000057736,0.0000021234,2025-04-14
50,122,Sn,90,232,Th,0,,,0.00000051698,0.00000020243,0.000047835,0.000017818,2025-04-14
50,123,Sn,90,232,Th,0,,,0.0000031095,0.0000012145,0.00018275,0.000066912,2025-04-14
50,123,Sn,90,232,Th,25,,,0.0000011114,0.00000043408,0.000039818,0.000014579,2025-04-14
50,124,Sn,90,232,Th,0,,,0.000023899,0.0000090726,0.00085293,0.00030614,2025-04-14
50,125,Sn,90,232,Th,0,,,0.000066245,0.00002348,0.0020359,0.00065388,2025-04-14
50,125,Sn,90,232,Th,1,,,0.000023676,0.0000083919,0.00044358,0.00014247,2025-04-14
50,126,Sn,90,232,Th,0,,,0.00023274,0.000066368,0.0050679,0.0012576,2025-04-14
50,127,Sn,90,232,Th,0,,,0.00036227,0.000061295,0.0058356,0.0008459,2025-04-14
50,127,Sn,90,232,Th,1,,,0.00012947,0.000021907,0.0012714,0.0001843,2025-04-14
50,128,Sn,90,232,Th,0,,,0.0003636,0.000060564,0.0019337,0.00032012,2025-04-14
50,128,Sn,90,232,Th,-2,,,0.0009911,0.00016509,0.0087323,0.0014456,2025-04-14
50,129,Sn,90,232,Th,0,,,0.00089343,0.00019524,0.0023085,0.00037469,2025-04-14
50,129,Sn,90,232,Th,1,,,0.0024998,0.00054626,0.010596,0.0017197,2025-04-14
50,130,Sn,90,232,Th,0,,,0.0018246,0.00029881,0.0018795,0.00042448,2025-04-14
50,130,Sn,90,232,Th,2,,,0.0049735,0.00081449,0.0084875,0.0019168,2025-04-14
50,131,Sn,90,232,Th,0,,,0.0020452,0.00038007,0.0012054,0.00037515,2025-04-14
50,131,Sn,90,232,Th,1,,,0.0057225,0.0010634,0.0055326,0.0017219,2025-04-14
50,132,Sn,90,232,Th,0,,,0.0067197,0.0020408,0.0037882,0.0015295,2025-04-14
50,133,Sn,90,232,Th,0,,,0.0040753,0.0016196,0.0012539,0.00048641,2025-04-14
50,134,Sn,90,232,Th,0,,,0.0011686,0.00046268,0.00017419,0.000068102,2025-04-14
50,135,Sn,90,232,Th,0,,,0.00015316,0.000056147,0.00000943,0.0000034096,2025-04-14
50,136,Sn,90,232,Th,0,,,0.000012288,0.000004321,0.00000043881,0.00000015737,2025-04-14
50,137,Sn,90,232,Th,0,,,0.00000066186,0.00000024887,0.000000010149,0.0000000036141,2025-04-14
51,121,Sb,90,232,Th,0,,,0.0000000000041115,0.0000000000015981,0.0000000023823,0.00000000087681,2025-04-14
51,122,Sb,90,232,Th,0,,,0.000000000070004,0.000000000027425,0.00000001216,0.0000000045466,2025-04-14
51,122,Sb,90,232,Th,5,,,0.000000000093786,0.000000000036742,0.000000028077,0.000000010498,2025-04-14
51,123,Sb,90,232,Th,0,,,0.0000000050358,0.0000000019753,0.00000056911,0.00000021179,2025-04-14
51,124,Sb,90,232,Th,0,,,0.000000028368,0.000000011051,0.0000012651,0.00000048141,2025-04-14
51,124,Sb,90,232,Th,1,,,0.000000022884,0.0000000089151,0.0000011752,0.0000004472,2025-04-14
51,124,Sb,90,232,Th,2,,,0.000000036638,0.000000014273,0.0000032508,0.000001237,2025-04-14
51,125,Sb,90,232,Th,0,,,0.0000012891,0.00000050678,0.000056833,0.000021675,2025-04-14
51,126,Sb,90,232,Th,0,,,0.0000041407,0.0000015988,0.00017989,0.000066402,2025-04-14
51,126,Sb,90,232,Th,1,,,0.0000025863,0.00000099861,0.000065035,0.000024006,2025-04-14
51,126,Sb,90,232,Th,2,,,0.0000032061,0.0000012379,0.000070011,0.000025842,2025-04-14
51,127,Sb,90,232,Th,0,,,0.000078026,0.000027115,0.0016621,0.00050913,2025-04-14
51,128,Sb,90,232,Th,0,,,0.000068855,0.000026757,0.00081533,0.00029896,2025-04-14
51,128,Sb,90,232,Th,1,,,0.000096305,0.000037423,0.00061207,0.00022443,2025-04-14
51,129,Sb,90,232,Th,0,,,0.00026858,0.00010857,0.00085397,0.00030722,2025-04-14
51,129,Sb,90,232,Th,11,,,0.00019876,0.000080348,0.0011596,0.00041719,2025-04-14
51,130,Sb,90,232,Th,0,,,0.00041883,0.00015977,0.0028366,0.00080695,2025-04-14
51,130,Sb,90,232,Th,1,,,0.00041883,0.00015977,0.0028366,0.00080695,2025-04-14
51,131,Sb,90,232,Th,0,,,0.0062129,0.001369,0.014726,0.0021896,2025-04-14
51,132,Sb,90,232,Th,0,,,0.0087601,0.0012004,0.0070023,0.0010123,2025-04-14
51,132,Sb,90,232,Th,1,,,0.0077559,0.0010628,0.011134,0.0016097,2025-04-14
51,133,Sb,90,232,Th,0,,,0.027895,0.0037759,0.014637,0.0036389,2025-04-14
51,134,Sb,90,232,Th,0,,,0.0043094,0.0012415,0.0012457,0.00053192,2025-04-14
51,134,Sb,90,232,Th,2,,,0.011747,0.0033839,0.0056253,0.002402,2025-04-14
51,135,Sb,90,232,Th,0,,,0.0082865,0.0030006,0.0020934,0.00079198,2025-04-14
51,136,Sb,90,232,Th,0,,,0.0023044,0.00082682,0.00035897,0.00013015,2025-04-14
51,137,Sb,90,232,Th,0,,,0.00050954,0.00019357,0.000036311,0.000012947,2025-04-14
51,138,Sb,90,232,Th,0,,,0.000050845,0.000018251,0.0000014518,0.00000056896,2025-04-14
51,139,Sb,90,232,Th,0,,,0.0000040878,0.0000015178,0.000000050773,0.000000018344,2025-04-14
52,122,Te,90,232,Th,0,,,0,0,0.0000000000017461,0.00000000000065287,2025-04-14
52,124,Te,90,232,Th,0,,,0.000000000017619,0.0000000000068646,0.0000000021479,0.00000000081782,2025-04-14
52,125,Te,90,232,Th,0,,,0.00000000015967,0.00000000006286,0.000000007776,0.0000000029827,2025-04-14
52,125,Te,90,232,Th,2,,,0.00000000060466,0.00000000023805,0.000000048046,0.000000018429,2025-04-14
52,126,Te,90,232,Th,0,,,0.000000027564,0.000000010755,0.0000012808,0.00000048725,2025-04-14
52,127,Te,90,232,Th,0,,,0.0000001703,0.000000063466,0.0000032422,0.0000011614,2025-04-14
52,127,Te,90,232,Th,2,,,0.0000004765,0.00000017757,0.000014881,0.0000053306,2025-04-14
52,128,Te,90,232,Th,0,,,0.00000017211,0.000000070964,0.0000014177,0.00000057825,2025-04-14
52,129,Te,90,232,Th,0,,,0.000000099662,0.000000043142,0.00000027504,0.00000011348,2025-04-14
52,129,Te,90,232,Th,1,,,0.00000027885,0.00000012071,0.0000012624,0.00000052083,2025-04-14
52,130,Te,90,232,Th,0,,,0.00000083729,0.00000034627,0.0001658,0.000065772,2025-04-14
52,131,Te,90,232,Th,0,,,0.000058102,0.000020496,0.00020375,0.000069778,2025-04-14
52,131,Te,90,232,Th,1,,,0.00016257,0.000057348,0.00093515,0.00032026,2025-04-14
52,132,Te,90,232,Th,0,,,0.0023816,0.00077364,0.0077662,0.0019597,2025-04-14
52,133,Te,90,232,Th,0,,,0.0033871,0.00082716,0.0042811,0.00065937,2025-04-14
52,133,Te,90,232,Th,2,,,0.0094769,0.0023143,0.019649,0.0030263,2025-04-14
52,134,Te,90,232,Th,0,,,0.037818,0.0049241,0.042448,0.0047456,2025-04-14
52,135,Te,90,232,Th,0,,,0.035722,0.0046849,0.021916,0.0048554,2025-04-14
52,136,Te,90,232,Th,0,,,0.027143,0.0050323,0.013733,0.0046744,2025-04-14
52,137,Te,90,232,Th,0,,,0.013332,0.0048047,0.0046432,0.0017369,2025-04-14
52,138,Te,90,232,Th,0,,,0.0062059,0.0023431,0.00091526,0.00036606,2025-04-14
52,139,Te,90,232,Th,0,,,0.0015107,0.00057605,0.000097037,0.000035145,2025-04-14
52,140,Te,90,232,Th,0,,,0.00025881,0.000097581,0.00000799,0.0000027724,2025-04-14
52,141,Te,90,232,Th,0,,,0.000021072,0.0000075628,0.00000031598,0.00000011716,2025-04-14
52,142,Te,90,232,Th,0,,,0.000001187,0.00000043236,0.0000000088285,0.0000000031505,2025-04-14
53,126,I,90,232,Th,0,,,0.0000000000019205,0.00000000000074936,0.00000000013459,0.000000000051209,2025-04-14
53,127,I,90,232,Th,0,,,0.00000000022939,0.000000000085531,0.0000000090795,0.0000000032596,2025-04-14
53,129,I,90,232,Th,0,,,0,0,0.0000000000036377,0.0000000000015011,2025-04-14
53,130,I,90,232,Th,0,,,0.0000000000011395,0.00000000000047128,0.00000013213,0.000000053221,2025-04-14
53,131,I,90,232,Th,0,,,0.00000041998,0.00000015092,0.0000051034,0.0000019001,2025-04-14
53,132,I,90,232,Th,0,,,0.0000064597,0.0000023897,0.000035175,0.000012966,2025-04-14
53,132,I,90,232,Th,3,,,0.0000057193,0.0000021158,0.000055928,0.000020617,2025-04-14
53,133,I,90,232,Th,0,,,0.00015509,0.000056862,0.00055044,0.0001897,2025-04-14
53,133,I,90,232,Th,16,,,0.00011478,0.00004208,0.00074746,0.00025759,2025-04-14
53,134,I,90,232,Th,0,,,0.0011802,0.00041322,0.0034383,0.0010239,2025-04-14
53,134,I,90,232,Th,5,,,0.0010449,0.00036585,0.0054668,0.001628,2025-04-14
53,135,I,90,232,Th,0,,,0.011313,0.003022,0.027012,0.0047816,2025-04-14
53,136,I,90,232,Th,0,,,0.0067089,0.0012794,0.0073198,0.0010179,2025-04-14
53,136,I,90,232,Th,2,,,0.018287,0.0034874,0.033054,0.0045963,2025-04-14
53,137,I,90,232,Th,0,,,0.044404,0.0055966,0.032283,0.0067602,2025-04-14
53,138,I,90,232,Th,0,,,0.032014,0.0056381,0.013469,0.0053826,2025-04-14
53,139,I,90,232,Th,0,,,0.021541,0.0063645,0.0067468,0.0026174,2025-04-14
53,140,I,90,232,Th,0,,,0.010008,0.0039698,0.0017378,0.00062088,2025-04-14
53,141,I,90,232,Th,0,,,0.0037695,0.0014136,0.00031334,0.00011723,2025-04-14
53,142,I,90,232,Th,0,,,0.00061446,0.00022601,0.000025365,0.0000090599,2025-04-14
53,143,I,90,232,Th,0,,,0.000081445,0.000029827,0.0000014507,0.00000052739,2025-04-14
53,144,I,90,232,Th,0,,,0.0000055685,0.0000021673,0.000000031211,0.000000010861,2025-04-14
54,130,Xe,90,232,Th,0,,,0,0,0.0000000000091796,0.0000000000036976,2025-04-14
54,131,Xe,90,232,Th,0,,,0.0000000000078197,0.0000000000028102,0.00000000016449,0.000000000061271,2025-04-14
54,131,Xe,90,232,Th,2,,,0.000000000021879,0.0000000000078628,0.00000000075495,0.00000000028122,2025-04-14
54,132,Xe,90,232,Th,0,,,0.0000000017646,0.00000000065332,0.00000002534,0.000000009402,2025-04-14
54,132,Xe,90,232,Th,30,,,0.000000002364,0.00000000087528,0.000000058512,0.00000002171,2025-04-14
54,133,Xe,90,232,Th,0,,,0.000000073895,0.00000002746,0.00000070243,0.00000025733,2025-04-14
54,133,Xe,90,232,Th,1,,,0.00000020676,0.00000007683,0.000003224,0.0000011811,2025-04-14
54,134,Xe,90,232,Th,0,,,0.0000029787,0.0000011277,0.000024688,0.0000094749,2025-04-14
54,134,Xe,90,232,Th,7,,,0.0000081193,0.0000030739,0.00011148,0.000042786,2025-04-14
54,135,Xe,90,232,Th,0,,,0.00003935,0.000014242,0.00022325,0.000076668,2025-04-14
54,135,Xe,90,232,Th,2,,,0.0001101,0.000039849,0.0010246,0.00035188,2025-04-14
54,136,Xe,90,232,Th,0,,,0.0013618,0.00045595,0.0099011,0.00267,2025-04-14
54,137,Xe,90,232,Th,0,,,0.0066917,0.0020835,0.026862,0.0055608,2025-04-14
54,138,Xe,90,232,Th,0,,,0.025094,0.0050296,0.043621,0.0066838,2025-04-14
54,139,Xe,90,232,Th,0,,,0.045948,0.0065298,0.034134,0.0052445,2025-04-14
54,140,Xe,90,232,Th,0,,,0.054212,0.0059441,0.022447,0.0051682,2025-04-14
54,141,Xe,90,232,Th,0,,,0.031355,0.0063959,0.0098305,0.0039653,2025-04-14
54,142,Xe,90,232,Th,0,,,0.017236,0.0054569,0.003936,0.0015183,2025-04-14
54,143,Xe,90,232,Th,0,,,0.0067248,0.0025558,0.00071355,0.00026484,2025-04-14
54,144,Xe,90,232,Th,0,,,0.0021413,0.00086366,0.00007482,0.000026094,2025-04-14
54,145,Xe,90,232,Th,0,,,0.00021246,0.000085544,0.0000036877,0.0000012053,2025-04-14
54,146,Xe,90,232,Th,0,,,0.00001623,0.0000073273,0.00000014571,0.000000049388,2025-04-14
54,147,Xe,90,232,Th,0,,,0.0000006273,0.00000025,0.0000000020838,0.00000000072921,2025-04-14
55,133,Cs,90,232,Th,0,,,0.000000000011481,0.0000000000042665,0.00000000050129,0.0000000001837,2025-04-14
55,134,Cs,90,232,Th,0,,,0.0000000007964,0.0000000003017,0.000000025417,0.0000000098259,2025-04-14
55,134,Cs,90,232,Th,3,,,0.0000000007051,0.00000000026711,0.000000040412,0.000000015623,2025-04-14
55,135,Cs,90,232,Th,0,,,0.000000057884,0.000000021089,0.000001372,0.00000049565,2025-04-14
55,135,Cs,90,232,Th,10,,,0.000000042836,0.000000015607,0.000001863,0.00000067305,2025-04-14
55,136,Cs,90,232,Th,0,,,0.0000015084,0.00000053009,0.000028956,0.000010346,2025-04-14
55,136,Cs,90,232,Th,2,,,0.0000010785,0.000000379,0.000038572,0.000013781,2025-04-14
55,137,Cs,90,232,Th,0,,,0.000051397,0.000019279,0.00076701,0.00026506,2025-04-14
55,138,Cs,90,232,Th,0,,,0.00017117,0.000060306,0.0009213,0.00031928,2025-04-14
55,138,Cs,90,232,Th,3,,,0.00028625,0.00010085,0.0026331,0.00091252,2025-04-14
55,139,Cs,90,232,Th,0,,,0.0034817,0.0011643,0.015721,0.0037108,2025-04-14
55,140,Cs,90,232,Th,0,,,0.012592,0.0035467,0.030751,0.005023,2025-04-14
55,141,Cs,90,232,Th,0,,,0.035239,0.0061322,0.038817,0.0051391,2025-04-14
55,142,Cs,90,232,Th,0,,,0.040437,0.0058302,0.021155,0.0048333,2025-04-14
55,143,Cs,90,232,Th,0,,,0.039167,0.0055428,0.01147,0.0042521,2025-04-14
55,144,Cs,90,232,Th,0,,,0.011041,0.0032593,0.0021534,0.0007955,2025-04-14
55,144,Cs,90,232,Th,4,,,0.011041,0.0032593,0.0021534,0.0007955,2025-04-14
55,145,Cs,90,232,Th,0,,,0.0093113,0.0036145,0.0010437,0.00034694,2025-04-14
55,146,Cs,90,232,Th,0,,,0.0020496,0.00093318,0.00011815,0.00004018,2025-04-14
55,147,Cs,90,232,Th,0,,,0.00036453,0.00014495,0.0000082637,0.0000028928,2025-04-14
55,148,Cs,90,232,Th,0,,,0.00002546,0.000010263,0.00000025831,0.000000092066,2025-04-14
55,149,Cs,90,232,Th,0,,,0.0000012809,0.00000050363,0.0000000063015,0.0000000022225,2025-04-14
55,150,Cs,90,232,Th,0,,,0.000000036883,0.000000018453,0.00000000004366,0.000000000016228,2025-04-14
55,151,Cs,90,232,Th,0,,,0.00000000057514,0.00000000022576,,,2025-04-14
56,134,Ba,90,232,Th,0,,,0,0,0.0000000000018131,0.00000000000070092,2025-04-14
56,135,Ba,90,232,Th,0,,,0.00000000000063992,0.00000000000023315,0.000000000057933,0.000000000020935,2025-04-14
56,135,Ba,90,232,Th,2,,,0.0000000000017905,0.00000000000065236,0.0000000002659,0.000000000096085,2025-04-14
56,136,Ba,90,232,Th,0,,,0.00000000008067,0.000000000028351,0.0000000062516,0.000000002242,2025-04-14
56,136,Ba,90,232,Th,5,,,0.00000000021989,0.000000000077279,0.00000002823,0.000000010124,2025-04-14
56,137,Ba,90,232,Th,0,,,0.0000000045827,0.0000000017231,0.00000020751,0.000000073886,2025-04-14
56,137,Ba,90,232,Th,2,,,0.000000012822,0.0000000048213,0.00000095239,0.00000033911,2025-04-14
56,138,Ba,90,232,Th,0,,,0.0000006963,0.00000024962,0.000023299,0.0000091159,2025-04-14
56,139,Ba,90,232,Th,0,,,0.000013846,0.0000051371,0.00025322,0.000090175,2025-04-14
56,140,Ba,90,232,Th,0,,,0.00019353,0.000071995,0.0020876,0.00065883,2025-04-14
56,141,Ba,90,232,Th,0,,,0.0012691,0.00043743,0.0082316,0.002282,2025-04-14
56,142,Ba,90,232,Th,0,,,0.0064341,0.0019663,0.02552,0.0044383,2025-04-14
56,143,Ba,90,232,Th,0,,,0.018761,0.004505,0.033871,0.0045111,2025-04-14
56,144,Ba,90,232,Th,0,,,0.049244,0.0067464,0.02502,0.0043142,2025-04-14
56,145,Ba,90,232,Th,0,,,0.034105,0.0050084,0.011921,0.0034837,2025-04-14
56,146,Ba,90,232,Th,0,,,0.021375,0.004491,0.0052344,0.0018093,2025-04-14
56,147,Ba,90,232,Th,0,,,0.0092246,0.0026617,0.0011853,0.00042482,2025-04-14
56,148,Ba,90,232,Th,0,,,0.0027824,0.00097563,0.00018234,0.000065291,2025-04-14
56,149,Ba,90,232,Th,0,,,0.00036887,0.00014075,0.000013144,0.0000046368,2025-04-14
56,150,Ba,90,232,Th,0,,,0.000046607,0.000023186,0.00000043366,0.00000016119,2025-04-14
56,151,Ba,90,232,Th,0,,,0.0000020532,0.00000080561,0.0000000061722,0.0000000024552,2025-04-14
56,152,Ba,90,232,Th,0,,,0.0000001085,0.000000046771,0.0000000001356,0.00000000005195,2025-04-14
56,153,Ba,90,232,Th,0,,,0.0000000024729,0.00000000096367,0.0000000000012766,0.00000000000047138,2025-04-14
57,138,La,90,232,Th,0,,,0.000000000026363,0.0000000000094513,0.0000000043562,0.000000001707,2025-04-14
57,139,La,90,232,Th,0,,,0.0000000024294,0.00000000090189,0.00000022349,0.000000080744,2025-04-14
57,140,La,90,232,Th,0,,,0.000000095381,0.000000035746,0.0000049384,0.0000017124,2025-04-14
57,141,La,90,232,Th,0,,,0.0000026599,0.00000095399,0.00007396,0.00002725,2025-04-14
57,142,La,90,232,Th,0,,,0.000033559,0.000012207,0.00054742,0.000188,2025-04-14
57,143,La,90,232,Th,0,,,0.00038258,0.00013809,0.003595,0.0010687,2025-04-14
57,144,La,90,232,Th,0,,,0.0024425,0.00088674,0.0093414,0.0022925,2025-04-14
57,145,La,90,232,Th,0,,,0.0079403,0.0025007,0.017395,0.0033371,2025-04-14
57,146,La,90,232,Th,0,,,0.0040915,0.0011519,0.0032885,0.00056987,2025-04-14
57,146,La,90,232,Th,1,,,0.0085835,0.0024167,0.011505,0.0019936,2025-04-14
57,147,La,90,232,Th,0,,,0.019083,0.0028491,0.0089095,0.0016565,2025-04-14
57,148,La,90,232,Th,0,,,0.013037,0.0017916,0.0034524,0.0011336,2025-04-14
57,149,La,90,232,Th,0,,,0.0062817,0.0012109,0.0011394,0.00039165,2025-04-14
57,150,La,90,232,Th,0,,,0.0018886,0.00073589,0.00010904,0.000040116,2025-04-14
57,151,La,90,232,Th,0,,,0.00031403,0.00011507,0.000007186,0.000002853,2025-04-14
57,152,La,90,232,Th,0,,,0.000043615,0.000018588,0.00000045009,0.0000001724,2025-04-14
57,153,La,90,232,Th,0,,,0.0000043328,0.0000016858,0.000000019549,0.0000000072179,2025-04-14
57,154,La,90,232,Th,0,,,0.00000009964,0.000000039636,0.00000000049832,0.00000000019708,2025-04-14
57,155,La,90,232,Th,0,,,0.000000001459,0.00000000057593,0.0000000000086592,0.0000000000033551,2025-04-14
58,140,Ce,90,232,Th,0,,,0.0000000000026797,0.0000000000010043,0.00000000074979,0.0000000002601,2025-04-14
58,141,Ce,90,232,Th,0,,,0.00000000021187,0.000000000075996,0.000000031836,0.000000011805,2025-04-14
58,142,Ce,90,232,Th,0,,,0.000000012042,0.0000000043862,0.0000010406,0.00000037128,2025-04-14
58,143,Ce,90,232,Th,0,,,0.00000038562,0.00000014097,0.000017326,0.0000062849,2025-04-14
58,144,Ce,90,232,Th,0,,,0.000010566,0.0000041136,0.00019101,0.00006538,2025-04-14
58,145,Ce,90,232,Th,0,,,0.000086477,0.000034819,0.00098184,0.00030269,2025-04-14
58,146,Ce,90,232,Th,0,,,0.00051458,0.00023936,0.0039909,0.0010467,2025-04-14
58,147,Ce,90,232,Th,0,,,0.0017043,0.00072317,0.0075413,0.0015149,2025-04-14
58,148,Ce,90,232,Th,0,,,0.0034546,0.001354,0.0093705,0.0015053,2025-04-14
58,149,Ce,90,232,Th,0,,,0.0041586,0.0011709,0.0059617,0.0011769,2025-04-14
58,150,Ce,90,232,Th,0,,,0.0049073,0.0012438,0.0020652,0.0004831,2025-04-14
58,151,Ce,90,232,Th,0,,,0.0022967,0.00046592,0.00035032,0.00012277,2025-04-14
58,152,Ce,90,232,Th,0,,,0.0012305,0.00038159,0.000092232,0.000033771,2025-04-14
58,153,Ce,90,232,Th,0,,,0.00030817,0.00010833,0.000010991,0.0000040248,2025-04-14
58,154,Ce,90,232,Th,0,,,0.000029618,0.000011453,0.0000012608,0.00000049819,2025-04-14
58,155,Ce,90,232,Th,0,,,0.0000011717,0.00000046051,0.000000062921,0.000000024378,2025-04-14
58,156,Ce,90,232,Th,0,,,0.000000022876,0.0000000089082,0.0000000022317,0.0000000009043,2025-04-14
58,157,Ce,90,232,Th,0,,,0.00000000051848,0.00000000020245,0.000000000030143,0.000000000011799,2025-04-14
59,141,Pr,90,232,Th,0,,,0,0,0,0,2025-04-14
59,143,Pr,90,232,Th,0,,,0.000000000015264,0.0000000000055803,0.0000000040299,0.000000001465,2025-04-14
59,144,Pr,90,232,Th,0,,,0.00000000010957,0.000000000042635,0.0000000076999,0.0000000026793,2025-04-14
59,144,Pr,90,232,Th,1,,,0.0000000011146,0.00000000043374,0.0000001246,0.000000043358,2025-04-14
59,145,Pr,90,232,Th,0,,,0.000000045883,0.000000018403,0.0000030468,0.00000099548,2025-04-14
59,146,Pr,90,232,Th,0,,,0.00000077916,0.00000035163,0.000030154,0.000010198,2025-04-14
59,147,Pr,90,232,Th,0,,,0.0000125,0.0000049831,0.00023735,0.000081527,2025-04-14
59,148,Pr,90,232,Th,0,,,0.000064925,0.000026184,0.00073418,0.00024758,2025-04-14
59,149,Pr,90,232,Th,0,,,0.00034061,0.00013213,0.0021637,0.00063612,2025-04-14
59,150,Pr,90,232,Th,0,,,0.00088618,0.0004155,0.0017334,0.00044544,2025-04-14
59,151,Pr,90,232,Th,0,,,0.0013319,0.00039591,0.0010598,0.00023502,2025-04-14
59,152,Pr,90,232,Th,0,,,0.001523,0.00041099,0.00063682,0.00015169,2025-04-14
59,153,Pr,90,232,Th,0,,,0.0013083,0.0002197,0.00029358,0.000080655,2025-04-14
59,154,Pr,90,232,Th,0,,,0.00028622,0.000077008,0.000086856,0.000032111,2025-04-14
59,155,Pr,90,232,Th,0,,,0.000043615,0.000014176,0.000018602,0.0000070675,2025-04-14
59,156,Pr,90,232,Th,0,,,0.0000021474,0.00000079325,0.0000018024,0.00000072846,2025-04-14
59,157,Pr,90,232,Th,0,,,0.00000020167,0.000000077655,0.00000010645,0.000000041656,2025-04-14
59,158,Pr,90,232,Th,0,,,0.0000000090008,0.000000003498,0.0000000030636,0.0000000012043,2025-04-14
59,159,Pr,90,232,Th,0,,,0.00000000028804,0.00000000011271,0.000000000071659,0.000000000027055,2025-04-14
60,143,Nd,90,232,Th,0,,,0,0,0,0,2025-04-14
60,144,Nd,90,232,Th,0,,,0,0,0.0000000000053179,0.0000000000018506,2025-04-14
60,145,Nd,90,232,Th,0,,,0,0,0.0000000003713,0.00000000012134,2025-04-14
60,146,Nd,90,232,Th,0,,,0.000000000066359,0.000000000029946,0.000000016876,0.0000000057197,2025-04-14
60,147,Nd,90,232,Th,0,,,0.0000000031236,0.0000000012448,0.00000039833,0.00000013938,2025-04-14
60,148,Nd,90,232,Th,0,,,0.000000089792,0.000000036221,0.0000064063,0.0000022821,2025-04-14
60,149,Nd,90,232,Th,0,,,0.0000010866,0.00000042722,0.000045545,0.000015998,2025-04-14
60,150,Nd,90,232,Th,0,,,0.000012046,0.0000060206,0.00015214,0.000055046,2025-04-14
60,151,Nd,90,232,Th,0,,,0.000046104,0.000017952,0.00022709,0.000083016,2025-04-14
60,152,Nd,90,232,Th,0,,,0.00020046,0.000082603,0.00048915,0.0001356,2025-04-14
60,153,Nd,90,232,Th,0,,,0.00039144,0.00013217,0.00049225,0.000090226,2025-04-14
60,154,Nd,90,232,Th,0,,,0.00029585,0.000077879,0.00051606,0.000097079,2025-04-14
60,155,Nd,90,232,Th,0,,,0.00009688,0.000020376,0.00025877,0.000066998,2025-04-14
60,156,Nd,90,232,Th,0,,,0.000016713,0.0000030076,0.00009801,0.000033472,2025-04-14
60,157,Nd,90,232,Th,0,,,0.0000036011,0.0000010018,0.000014703,0.0000054868,2025-04-14
60,158,Nd,90,232,Th,0,,,0.00000061883,0.0000002063,0.0000017684,0.00000068747,2025-04-14
60,159,Nd,90,232,Th,0,,,0.000000049799,0.000000018778,0.00000011005,0.000000041484,2025-04-14
60,160,Nd,90,232,Th,0,,,0.0000000031017,0.0000000012161,0.0000000056326,0.0000000022117,2025-04-14
60,161,Nd,90,232,Th,0,,,0.000000000096656,0.000000000038006,0.00000000014094,0.00000000005164,2025-04-14
61,147,Pm,90,232,Th,0,,,0,0,0.000000000026722,0.0000000000093511,2025-04-14
61,148,Pm,90,232,Th,-2,,,0.0000000000018278,0.00000000000073731,0.0000000010828,0.00000000038593,2025-04-14
61,149,Pm,90,232,Th,0,,,0.00000000013958,0.000000000054883,0.000000044176,0.000000015581,2025-04-14
61,150,Pm,90,232,Th,0,,,0.0000000044283,0.0000000022155,0.00000042448,0.00000015776,2025-04-14
61,151,Pm,90,232,Th,0,,,0.000000075857,0.000000029776,0.0000028085,0.000001116,2025-04-14
61,152,Pm,90,232,Th,0,,,0.00000015087,0.000000065025,0.0000017503,0.0000006651,2025-04-14
61,152,Pm,90,232,Th,4,,,0.00000031718,0.0000001367,0.000004225,0.0000016054,2025-04-14
61,152,Pm,90,232,Th,14,,,0.00000041432,0.00000017857,0.0000095007,0.0000036101,2025-04-14
61,153,Pm,90,232,Th,0,,,0.0000070977,0.0000027593,0.000060416,0.000021208,2025-04-14
61,154,Pm,90,232,Th,0,,,0.000006633,0.0000026047,0.00007305,0.000025457,2025-04-14
61,155,Pm,90,232,Th,0,,,0.000016162,0.0000059853,0.0002581,0.000066758,2025-04-14
61,156,Pm,90,232,Th,0,,,0.0000061263,0.0000020135,0.00021149,0.000052091,2025-04-14
61,157,Pm,90,232,Th,0,,,0.0000044625,0.0000010878,0.00011154,0.000024005,2025-04-14
61,158,Pm,90,232,Th,0,,,0.0000016342,0.00000034544,0.000031128,0.0000095568,2025-04-14
61,159,Pm,90,232,Th,0,,,0.00000046123,0.00000010449,0.0000074764,0.0000025024,2025-04-14
61,160,Pm,90,232,Th,0,,,0.000000066624,0.000000021364,0.00000096858,0.00000037061,2025-04-14
61,161,Pm,90,232,Th,0,,,0.0000000080813,0.0000000029099,0.00000010107,0.000000036796,2025-04-14
61,162,Pm,90,232,Th,0,,,0.0000000004612,0.00000000017689,0.0000000045095,0.0000000017534,2025-04-14
61,163,Pm,90,232,Th,0,,,0.000000000020556,0.0000000000080606,0.00000000014743,0.000000000057493,2025-04-14
62,147,Sm,90,232,Th,0,,,0,0,0,0,2025-04-14
62,148,Sm,90,232,Th,0,,,0,0,0,0,2025-04-14
62,149,Sm,90,232,Th,0,,,0,0,0.0000000000015446,0.00000000000054478,2025-04-14
62,150,Sm,90,232,Th,0,,,0,0,0.000000000071538,0.00000000002659,2025-04-14
62,151,Sm,90,232,Th,0,,,0.0000000000045739,0.0000000000017954,0.0000000014112,0.00000000056134,2025-04-14
62,152,Sm,90,232,Th,0,,,0.0000000002396,0.00000000010329,0.000000034877,0.000000013361,2025-04-14
62,153,Sm,90,232,Th,0,,,0.0000000014132,0.00000000055069,0.000000066603,0.000000024584,2025-04-14
62,153,Sm,90,232,Th,6,,,0.0000000039539,0.0000000015408,0.00000030569,0.00000011284,2025-04-14
62,154,Sm,90,232,Th,0,,,0.00000004364,0.000000017361,0.0000037791,0.0000014901,2025-04-14
62,155,Sm,90,232,Th,0,,,0.00000014072,0.000000055521,0.000016698,0.0000063489,2025-04-14
62,156,Sm,90,232,Th,0,,,0.0000002141,0.000000082992,0.000050839,0.000018949,2025-04-14
62,157,Sm,90,232,Th,0,,,0.00000036985,0.00000014072,0.000058526,0.000018225,2025-04-14
62,158,Sm,90,232,Th,0,,,0.0000004837,0.00000016754,0.000055226,0.000012032,2025-04-14
62,159,Sm,90,232,Th,0,,,0.00000029135,0.00000008684,0.000028213,0.0000046544,2025-04-14
62,160,Sm,90,232,Th,0,,,0.00000014096,0.00000002932,0.000012917,0.0000028809,2025-04-14
62,161,Sm,90,232,Th,0,,,0.000000036605,0.0000000073672,0.0000031534,0.00000089587,2025-04-14
62,162,Sm,90,232,Th,0,,,0.0000000074537,0.0000000017554,0.00000055184,0.00000019718,2025-04-14
62,163,Sm,90,232,Th,0,,,0.00000000078477,0.00000000025863,0.000000046241,0.00000001772,2025-04-14
62,164,Sm,90,232,Th,0,,,0.00000000006644,0.000000000024158,0.0000000030121,0.0000000011982,2025-04-14
62,165,Sm,90,232,Th,0,,,0.0000000000026237,0.0000000000010105,0.00000000010277,0.000000000040227,2025-04-14
63,151,Eu,90,232,Th,0,,,0,0,0,0,2025-04-14
63,153,Eu,90,232,Th,0,,,0,0,0.000000000096389,0.00000000003559,2025-04-14
63,154,Eu,90,232,Th,0,,,0.0000000000017456,0.00000000000069447,0.00000000095724,0.00000000037857,2025-04-14
63,154,Eu,90,232,Th,13,,,0.000000000001882,0.00000000000074873,0.0000000018336,0.00000000072513,2025-04-14
63,155,Eu,90,232,Th,0,,,0.000000000052405,0.000000000020687,0.000000054679,0.000000021185,2025-04-14
63,156,Eu,90,232,Th,0,,,0.00000000021825,0.000000000085033,0.00000044057,0.0000001784,2025-04-14
63,157,Eu,90,232,Th,0,,,0.0000000015914,0.00000000062135,0.0000020178,0.00000078477,2025-04-14
63,158,Eu,90,232,Th,0,,,0.000000005319,0.0000000020688,0.0000044894,0.0000017142,2025-04-14
63,159,Eu,90,232,Th,0,,,0.000000012413,0.0000000048147,0.0000080812,0.0000026738,2025-04-14
63,160,Eu,90,232,Th,0,,,0.000000013854,0.0000000052774,0.0000078597,0.0000023662,2025-04-14
63,161,Eu,90,232,Th,0,,,0.000000012561,0.0000000042717,0.0000064303,0.000001018,2025-04-14
63,162,Eu,90,232,Th,0,,,0.0000000054095,0.0000000015515,0.0000024231,0.0000005268,2025-04-14
63,163,Eu,90,232,Th,0,,,0.0000000019127,0.00000000039184,0.0000007306,0.00000019221,2025-04-14
63,164,Eu,90,232,Th,0,,,0.00000000035127,0.00000000007906,0.00000011338,0.00000003989,2025-04-14
63,165,Eu,90,232,Th,0,,,0.000000000050402,0.000000000013991,0.000000015404,0.0000000057534,2025-04-14
63,166,Eu,90,232,Th,0,,,0.0000000000035755,0.000000000001288,0.0000000010144,0.000000000391,2025-04-14
64,154,Gd,90,232,Th,0,,,0,0,0,0,2025-04-14
64,155,Gd,90,232,Th,0,,,0,0,0.0000000000012061,0.0000000000004673,2025-04-14
64,156,Gd,90,232,Th,0,,,0,0,0.00000000024444,0.000000000099048,2025-04-14
64,157,Gd,90,232,Th,0,,,0,0,0.0000000030496,0.0000000011937,2025-04-14
64,158,Gd,90,232,Th,0,,,0.0000000000037982,0.000000000001479,0.000000028584,0.000000011235,2025-04-14
64,159,Gd,90,232,Th,0,,,0.000000000023624,0.000000000009246,0.00000012981,0.000000048919,2025-04-14
64,160,Gd,90,232,Th,0,,,0.00000000010913,0.000000000043118,0.00000048531,0.00000018815,2025-04-14
64,161,Gd,90,232,Th,0,,,0.00000000024779,0.000000000097284,0.00000090807,0.00000031302,2025-04-14
64,162,Gd,90,232,Th,0,,,0.00000000040642,0.00000000015626,0.0000011861,0.00000037585,2025-04-14
64,163,Gd,90,232,Th,0,,,0.00000000032541,0.00000000011989,0.00000075413,0.00000019454,2025-04-14
64,164,Gd,90,232,Th,0,,,0.00000000020558,0.000000000062482,0.00000039404,0.000000074905,2025-04-14
64,165,Gd,90,232,Th,0,,,0.000000000062065,0.000000000015159,0.00000011696,0.000000025743,2025-04-14
64,166,Gd,90,232,Th,0,,,0.000000000014885,0.000000000002795,0.000000028233,0.0000000077572,2025-04-14
64,167,Gd,90,232,Th,0,,,0.0000000000019742,0.00000000000045602,0.0000000034624,0.0000000012329,2025-04-14
65,159,Tb,90,232,Th,0,,,0,0,0.000000000092868,0.000000000035063,2025-04-14
65,161,Tb,90,232,Th,0,,,0,0,0.0000000071039,0.0000000026017,2025-04-14
65,162,Tb,90,232,Th,0,,,0,0,0.000000023079,0.0000000089503,2025-04-14
65,163,Tb,90,232,Th,0,,,0.0000000000031417,0.000000000001236,0.000000055417,0.00000002116,2025-04-14
65,164,Tb,90,232,Th,0,,,0.0000000000048973,0.0000000000018957,0.000000065014,0.000000024229,2025-04-14
65,165,Tb,90,232,Th,0,,,0.0000000000055296,0.0000000000020984,0.000000065986,0.000000020247,2025-04-14
65,166,Tb,90,232,Th,0,,,0.00000000000295,0.0000000000010839,0.000000033476,0.0000000082959,2025-04-14
65,167,Tb,90,232,Th,0,,,0.0000000000013298,0.00000000000038948,0.000000013941,0.0000000027515,2025-04-14
66,161,Dy,90,232,Th,0,,,0,0,0.0000000000021841,0.00000000000080027,2025-04-14
66,162,Dy,90,232,Th,0,,,0,0,0.000000000030443,0.000000000011845,2025-04-14
66,163,Dy,90,232,Th,0,,,0,0,0.0000000001925,0.000000000075068,2025-04-14
66,164,Dy,90,232,Th,0,,,0,0,0.00000000091913,0.00000000036639,2025-04-14
66,165,Dy,90,232,Th,0,,,0,0,0.0000000021087,0.00000000082017,2025-04-14
66,166,Dy,90,232,Th,0,,,0,0,0.0000000042972,0.0000000016064,2025-04-14
66,167,Dy,90,232,Th,0,,,0,0,0.0000000039487,0.0000000013833,2025-04-14
67,165,Ho,90,232,Th,0,,,0,0,0.0000000000037508,0.0000000000014687,2025-04-14
67,166,Ho,90,232,Th,0,,,0,0,0.000000000003337,0.0000000000012978,2025-04-14
67,167,Ho,90,232,Th,0,,,0,0,0.000000000067941,0.00000000002677,2025-04-14
68,166,Er,90,232,Th,0,,,0,0,0,0,2025-04-14
22,56,Ti,90,232,Th,0,,,,,0.0000000000028306,0.00000000000072466,2025-04-14
22,57,Ti,90,232,Th,0,,,,,0.0000000000048253,0.0000000000016657,2025-04-14
22,58,Ti,90,232,Th,0,,,,,0.0000000000068023,0.0000000000025256,2025-04-14
22,59,Ti,90,232,Th,0,,,,,0.0000000000046614,0.0000000000018083,2025-04-14
22,60,Ti,90,232,Th,0,,,,,0.0000000000024289,0.00000000000096895,2025-04-14
23,56,V,90,232,Th,0,,,,,0.0000000000026713,0.00000000000070877,2025-04-14
23,57,V,90,232,Th,0,,,,,0.000000000015367,0.0000000000030481,2025-04-14
23,58,V,90,232,Th,0,,,,,0.000000000047567,0.000000000011452,2025-04-14
23,59,V,90,232,Th,0,,,,,0.00000000012018,0.000000000035932,2025-04-14
23,60,V,90,232,Th,0,,,,,0.0000000001526,0.000000000056442,2025-04-14
23,61,V,90,232,Th,0,,,,,0.00000000016842,0.000000000064088,2025-04-14
23,62,V,90,232,Th,0,,,,,0.000000000090664,0.000000000035125,2025-04-14
23,63,V,90,232,Th,0,,,,,0.000000000036281,0.000000000014262,2025-04-14
23,64,V,90,232,Th,0,,,,,0.0000000000071047,0.0000000000027847,2025-04-14
23,65,V,90,232,Th,0,,,,,0.0000000000010898,0.0000000000004291,2025-04-14
24,56,Cr,90,232,Th,0,,,,,0,0,2025-04-14
24,57,Cr,90,232,Th,0,,,,,0.0000000000034397,0.0000000000012386,2025-04-14
24,58,Cr,90,232,Th,0,,,,,0.00000000003627,0.000000000010265,2025-04-14
24,59,Cr,90,232,Th,0,,,,,0.00000000019256,0.000000000043533,2025-04-14
24,60,Cr,90,232,Th,0,,,,,0.00000000083311,0.00000000015704,2025-04-14
24,61,Cr,90,232,Th,0,,,,,0.0000000020533,0.00000000051342,2025-04-14
24,62,Cr,90,232,Th,0,,,,,0.0000000041514,0.0000000012855,2025-04-14
24,63,Cr,90,232,Th,0,,,,,0.0000000041134,0.0000000015234,2025-04-14
24,64,Cr,90,232,Th,0,,,,,0.0000000033056,0.0000000012758,2025-04-14
24,65,Cr,90,232,Th,0,,,,,0.0000000013433,0.00000000052778,2025-04-14
24,66,Cr,90,232,Th,0,,,,,0.00000000040585,0.00000000017103,2025-04-14
24,67,Cr,90,232,Th,0,,,,,0.000000000041245,0.000000000018429,2025-04-14
25,56,Mn,90,232,Th,0,,,,,0,0,2025-04-14
25,57,Mn,90,232,Th,0,,,,,0,0,2025-04-14
25,58,Mn,90,232,Th,0,,,,,0.0000000000010963,0.00000000000042301,2025-04-14
25,59,Mn,90,232,Th,0,,,,,0.000000000022777,0.0000000000085501,2025-04-14
25,60,Mn,90,232,Th,0,,,,,0.00000000001259,0.0000000000044923,2025-04-14
25,60,Mn,90,232,Th,1,,,,,0.00000000020373,0.000000000072696,2025-04-14
25,61,Mn,90,232,Th,0,,,,,0.0000000017991,0.00000000048815,2025-04-14
25,62,Mn,90,232,Th,0,,,,,0.0000000069742,0.0000000015445,2025-04-14
25,62,Mn,90,232,Th,1,,,,,0.00000000068554,0.00000000015182,2025-04-14
25,63,Mn,90,232,Th,0,,,,,0.000000026191,0.0000000054418,2025-04-14
26,56,Fe,90,232,Th,0,,,,,0,0,2025-04-14
26,57,Fe,90,232,Th,0,,,,,0,0,2025-04-14
26,58,Fe,90,232,Th,0,,,,,0,0,2025-04-14
26,59,Fe,90,232,Th,0,,,,,0,0,2025-04-14
26,60,Fe,90,232,Th,0,,,,,0.0000000000051155,0.0000000000020382,2025-04-14
26,61,Fe,90,232,Th,0,,,,,0.0000000001019,0.000000000039161,2025-04-14
26,62,Fe,90,232,Th,0,,,,,0.0000000015697,0.00000000056671,2025-04-14
26,63,Fe,90,232,Th,0,,,,,0.000000011605,0.0000000037654,2025-04-14
27,59,Co,90,232,Th,0,,,,,0,0,2025-04-14
27,61,Co,90,232,Th,0,,,,,0,0,2025-04-14
27,62,Co,90,232,Th,0,,,,,0.0000000000020637,0.00000000000080233,2025-04-14
27,62,Co,90,232,Th,1,,,,,0.0000000000093193,0.0000000000036231,2025-04-14
27,63,Co,90,232,Th,0,,,,,0.00000000033165,0.00000000012984,2025-04-14
28,61,Ni,90,232,Th,0,,,,,0,0,2025-04-14
28,62,Ni,90,232,Th,0,,,,,0,0,2025-04-14
28,63,Ni,90,232,Th,0,,,,,0,0,2025-04-14
29,63,Cu,90,232,Th,0,,,,,0,0,2025-04-14
31,70,Ga,90,232,Th,0,,,,,0.0000000000054264,0.0000000000021598,2025-04-14
32,70,Ge,90,232,Th,0,,,,,0,0,2025-04-14
36,81,Kr,90,232,Th,0,,,,,0.0000000000012753,0.00000000000056784,2025-04-14
37,102,Rb,90,232,Th,0,,,,,0.000000000002209,0.00000000000090452,2025-04-14
41,93,Nb,90,232,Th,0,,,,,0.000000000001071,0.00000000000039652,2025-04-14
43,102,Tc,90,232,Th,1,,,,,0.0000000000011936,0.00000000000048874,2025-04-14
45,106,Rh,90,232,Th,1,,,,,0.000000000043199,0.000000000015784,2025-04-14
47,110,Ag,90,232,Th,0,,,,,0.000000000036294,0.000000000013658,2025-04-14
47,110,Ag,90,232,Th,2,,,,,0.0000000001639,0.000000000061675,2025-04-14
47,128,Ag,90,232,Th,0,,,,,0.0000000000028434,0.0000000000011599,2025-04-14
47,129,Ag,90,232,Th,0,,,,,0.0000000000035965,0.000000000001484,2025-04-14
48,110,Cd,90,232,Th,0,,,,,0,0,2025-04-14
49,114,In,90,232,Th,0,,,,,0.0000000000034584,0.0000000000012499,2025-04-14
49,114,In,90,232,Th,1,,,,,0.0000000000064148,0.0000000000023185,2025-04-14
49,114,In,90,232,Th,5,,,,,0.000000000013152,0.0000000000047535,2025-04-14
49,116,In,90,232,Th,0,,,,,0.0000000017769,0.00000000066525,2025-04-14
50,114,Sn,90,232,Th,0,,,,,0,0,2025-04-14
51,119,Sb,90,232,Th,0,,,,,0.000000000001216,0.00000000000045031,2025-04-14
51,120,Sb,90,232,Th,0,,,,,0.000000000016394,0.0000000000060565,2025-04-14
51,120,Sb,90,232,Th,1,,,,,0.000000000046853,0.000000000017309,2025-04-14
52,123,Te,90,232,Th,0,,,,,0.0000000000076492,0.0000000000028467,2025-04-14
52,123,Te,90,232,Th,2,,,,,0.000000000047263,0.000000000017589,2025-04-14
53,125,I,90,232,Th,0,,,,,0.0000000000021385,0.00000000000082029,2025-04-14
53,128,I,90,232,Th,0,,,,,0.0000000000026802,0.0000000000010933,2025-04-14
53,130,I,90,232,Th,1,,,,,0.00000002926,0.000000011786,2025-04-14
54,126,Xe,90,232,Th,0,,,,,0,0,2025-04-14
54,128,Xe,90,232,Th,0,,,,,0,0,2025-04-14
55,132,Cs,90,232,Th,0,,,,,0.0000000000018756,0.00000000000069592,2025-04-14
57,137,La,90,232,Th,0,,,,,0.000000000070856,0.000000000025232,2025-04-14
58,139,Ce,90,232,Th,0,,,,,0.0000000000012819,0.00000000000046314,2025-04-14
58,139,Ce,90,232,Th,2,,,,,0.0000000000058836,0.0000000000021257,2025-04-14
59,142,Pr,90,232,Th,0,,,,,0.0000000000091643,0.0000000000032703,2025-04-14
59,142,Pr,90,232,Th,1,,,,,0.000000000041384,0.000000000014768,2025-04-14
60,142,Nd,90,232,Th,0,,,,,0,0,2025-04-14
61,148,Pm,90,232,Th,0,,,,,0.00000000023979,0.000000000085463,2025-04-14
63,152,Eu,90,232,Th,0,,,,,0.00000000000055747,0.00000000000021357,2025-04-14
63,152,Eu,90,232,Th,16,,,,,0.0000000000012865,0.00000000000049285,2025-04-14
63,167,Eu,90,232,Th,0,,,,,0.000000000051322,0.000000000020231,2025-04-14
64,155,Gd,90,232,Th,6,,,,,0.0000000000055356,0.0000000000021448,2025-04-14
64,168,Gd,90,232,Th,0,,,,,0.00000000034943,0.00000000013168,2025-04-14
64,169,Gd,90,232,Th,0,,,,,0.000000000017353,0.0000000000067699,2025-04-14
65,158,Tb,90,232,Th,0,,,,,0.0000000000044627,0.0000000000017544,2025-04-14
65,160,Tb,90,232,Th,0,,,,,0.000000000922,0.00000000036208,2025-04-14
65,168,Tb,90,232,Th,0,,,,,0.0000000031247,0.00000000080432,2025-04-14
65,169,Tb,90,232,Th,0,,,,,0.00000000057943,0.00000000018333,2025-04-14
65,170,Tb,90,232,Th,0,,,,,0.000000000053387,0.000000000020054,2025-04-14
65,171,Tb,90,232,Th,0,,,,,0.0000000000042285,0.0000000000016215,2025-04-14
66,160,Dy,90,232,Th,0,,,,,0,0,2025-04-14
66,165,Dy,90,232,Th,2,,,,,0.00000000017567,0.000000000068325,2025-04-14
66,168,Dy,90,232,Th,0,,,,,0.0000000029944,0.00000000079119,2025-04-14
66,169,Dy,90,232,Th,0,,,,,0.000000001168,0.00000000024931,2025-04-14
66,170,Dy,90,232,Th,0,,,,,0.00000000036976,0.000000000071423,2025-04-14
66,171,Dy,90,232,Th,0,,,,,0.000000000066212,0.000000000017766,2025-04-14
66,172,Dy,90,232,Th,0,,,,,0.0000000000097688,0.0000000000031804,2025-04-14
67,166,Ho,90,232,Th,1,,,,,0.000000000015069,0.0000000000058604,2025-04-14
67,168,Ho,90,232,Th,0,,,,,0.000000000032162,0.00000000001238,2025-04-14
67,168,Ho,90,232,Th,1,,,,,0.000000000091919,0.000000000035383,2025-04-14
67,169,Ho,90,232,Th,0,,,,,0.00000000017614,0.00000000006531,2025-04-14
67,170,Ho,90,232,Th,0,,,,,0.000000000099169,0.000000000034191,2025-04-14
67,170,Ho,90,232,Th,1,,,,,0.000000000021961,0.0000000000075716,2025-04-14
67,171,Ho,90,232,Th,0,,,,,0.000000000072871,0.000000000018425,2025-04-14
67,172,Ho,90,232,Th,0,,,,,0.000000000022725,0.0000000000048537,2025-04-14
67,173,Ho,90,232,Th,0,,,,,0.0000000000056551,0.0000000000012385,2025-04-14
68,167,Er,90,232,Th,0,,,,,0,0,2025-04-14
68,167,Er,90,232,Th,3,,,,,0,0,2025-04-14
68,168,Er,90,232,Th,0,,,,,0,0,2025-04-14
68,169,Er,90,232,Th,0,,,,,0.000000000001369,0.00000000000053666,2025-04-14
68,170,Er,90,232,Th,0,,,,,0.0000000000037276,0.0000000000014789,2025-04-14
68,171,Er,90,232,Th,0,,,,,0.0000000000053061,0.0000000000020257,2025-04-14
68,172,Er,90,232,Th,0,,,,,0.000000000005913,0.0000000000020819,2025-04-14
68,173,Er,90,232,Th,0,,,,,0.0000000000031538,0.00000000000097068,2025-04-14
68,174,Er,90,232,Th,0,,,,,0.0000000000013945,0.00000000000029971,2025-04-14
69,169,Tm,90,232,Th,0,,,,,0,0,2025-04-14
69,171,Tm,90,232,Th,0,,,,,0,0,2025-04-14
69,172,Tm,90,232,Th,0,,,,,0,0,2025-04-14
69,173,Tm,90,232,Th,0,,,,,0,0,2025-04-14
69,174,Tm,90,232,Th,0,,,,,0,0,2025-04-14
70,171,Yb,90,232,Th,0,,,,,0,0,2025-04-14
70,172,Yb,90,232,Th,0,,,,,0,0,2025-04-14
70,173,Yb,90,232,Th,0,,,,,0,0,2025-04-14

